"Table","Year","MsCode","CatCode","HECCode","Estimate","RSE","LowerCIB","UpperCIB","Flag"
"T1","2019","M001","C000A","01.1","       23.50","        4.0","22.6","24.5"," "
"T1","2019","M001","C000A","01.1.01","        9.60","        4.7","9.2","10.1"," "
"T1","2019","M001","C000A","01.1.02","       13.90","        4.5","13.3","14.6"," "
"T1","2019","M001","C000A","01.2","       28.10","        5.3","26.6","29.6"," "
"T1","2019","M001","C000A","01.2.01","       23.30","        5.3","22.1","24.6"," "
"T1","2019","M001","C000A","01.2.02","        4.80","       10.5","4.3","5.3"," "
"T1","2019","M001","C000A","01.3","      102.90","        3.3","99.5","106.3"," "
"T1","2019","M001","C000A","01.3.01","       18.30","        4.2","17.5","19"," "
"T1","2019","M001","C000A","01.3.02","       15.50","        4.5","14.8","16.2"," "
"T1","2019","M001","C000A","01.3.03","        3.30","        7.7","3","3.5"," "
"T1","2019","M001","C000A","01.3.04","        5.20","        6.9","4.8","5.6"," "
"T1","2019","M001","C000A","01.3.05","       13.10","        6.1","12.3","13.9"," "
"T1","2019","M001","C000A","01.3.06","       47.50","        7.6","43.9","51.2"," "
"T1","2019","M001","C000A","01.4","       11.50","        6.6","10.7","12.2"," "
"T1","2019","M001","C000A","01.4.01","        3.90","       11.0","3.5","4.4"," "
"T1","2019","M001","C000A","01.4.02","        7.50","        6.4","7.1","8"," "
"T1","2019","M001","C000A","01.5","       67.80","        8.0","62.3","73.2"," "
"T1","2019","M001","C000A","01.5.01","       26.50","        8.2","24.3","28.7"," "
"T1","2019","M001","C000A","01.5.02","       39.10","        5.1","37.1","41"," "
"T1","2019","M001","C000A","01.5.03","        2.20","      182.8","-1.8","6.2"," "
"T1","2019","M001","C000A","01","      233.80","        2.9","227","240.6"," "
"T1","2019","M001","C000A","02.1","       20.60","        7.5","19","22.1"," "
"T1","2019","M001","C000A","02.1.01","        7.10","       10.1","6.4","7.8"," "
"T1","2019","M001","C000A","02.1.02","        7.90","       10.5","7.1","8.7"," "
"T1","2019","M001","C000A","02.1.03","        2.10","       24.8","1.6","2.6"," "
"T1","2019","M001","C000A","02.1.04","        3.50","       18.8","2.8","4.1"," "
"T1","2019","M001","C000A","02.2","        8.80","       13.4","7.6","9.9"," "
"T1","2019","M001","C000A","02.2.00","        8.80","       13.4","7.6","9.9"," "
"T1","2019","M001","C000A","02.3"," "," "," "," ","S"
"T1","2019","M001","C000A","02.3.00"," "," "," "," ","S"
"T1","2019","M001","C000A","02","       29.40","        6.8","27.4","31.4"," "
"T1","2019","M001","C000A","03.1","       29.00","       10.0","26.1","31.9"," "
"T1","2019","M001","C000A","03.1.01","        9.90","       15.5","8.4","11.4"," "
"T1","2019","M001","C000A","03.1.02","        4.50","       28.2","3.2","5.8"," "
"T1","2019","M001","C000A","03.1.03","       10.30","       14.4","8.9","11.8"," "
"T1","2019","M001","C000A","03.1.04","        2.00","       18.8","1.6","2.4"," "
"T1","2019","M001","C000A","03.1.05","        0.70","       20.2","0.6","0.9"," "
"T1","2019","M001","C000A","03.1.06","        0.70","       37.0","0.5","1"," "
"T1","2019","M001","C000A","03.1.07","        0.80","       35.3","0.5","1.1"," "
"T1","2019","M001","C000A","03.2","        7.70","       16.7","6.4","9"," "
"T1","2019","M001","C000A","03.2.01","        3.10","       25.0","2.3","3.9"," "
"T1","2019","M001","C000A","03.2.02","        1.20","       54.6","0.6","1.9"," "
"T1","2019","M001","C000A","03.2.03","        2.20","       29.0","1.6","2.9"," "
"T1","2019","M001","C000A","03.2.04","        1.00","       43.1","0.6","1.4"," "
"T1","2019","M001","C000A","03.2.05","        0.20","       40.5","0.1","0.3"," "
"T1","2019","M001","C000A","03","       36.70","        9.4","33.3","40.2"," "
"T1","2019","M001","C000A","04.1","      123.40","        6.4","115.5","131.4"," "
"T1","2019","M001","C000A","04.1.01","      120.80","        6.4","113","128.5"," "
"T1","2019","M001","C000A","04.1.02","        2.70","       26.8","2","3.4"," "
"T1","2019","M001","C000A","04.2","      104.40","       13.4","90.4","118.4"," "
"T1","2019","M001","C000A","04.2.01","       69.30","        8.5","63.5","75.2"," "
"T1","2019","M001","C000A","04.2.02","        4.00","       26.3","3","5.1"," "
"T1","2019","M001","C000A","04.2.03","       31.10","       35.1","20.2","42"," "
"T1","2019","M001","C000A","04.3","       28.60","       16.7","23.8","33.3"," "
"T1","2019","M001","C000A","04.3.01","       10.00","       27.0","7.3","12.7"," "
"T1","2019","M001","C000A","04.3.02","       18.60","       21.0","14.7","22.5"," "
"T1","2019","M001","C000A","04.4","       39.80","        4.3","38.1","41.5"," "
"T1","2019","M001","C000A","04.4.01","        4.60","        7.7","4.2","4.9"," "
"T1","2019","M001","C000A","04.4.02","        1.20","       21.5","0.9","1.5"," "
"T1","2019","M001","C000A","04.4.03","       33.80","        4.5","32.3","35.3"," "
"T1","2019","M001","C000A","04.4.04","        0.20","       54.3","0.1","0.3"," "
"T1","2019","M001","C000A","04.5","       44.70","        2.6","43.5","45.9"," "
"T1","2019","M001","C000A","04.5.01","       37.00","        3.1","35.8","38.1"," "
"T1","2019","M001","C000A","04.5.02","        3.10","        8.7","2.8","3.4"," "
"T1","2019","M001","C000A","04.5.03","        1.10","       12.4","1","1.2"," "
"T1","2019","M001","C000A","04.5.04","        0.10","       81.4","0","0.1"," "
"T1","2019","M001","C000A","04.5.05","        3.50","       14.6","3","4"," "
"T1","2019","M001","C000A","04.6","        3.70","       34.3","2.4","4.9"," "
"T1","2019","M001","C000A","04.6.00","        3.70","       34.3","2.4","4.9"," "
"T1","2019","M001","C000A","04","      344.50","        4.8","327.9","361.2"," "
"T1","2019","M001","C000A","05.1","       13.60","       14.2","11.7","15.5"," "
"T1","2019","M001","C000A","05.1.01","       10.50","       16.2","8.8","12.2"," "
"T1","2019","M001","C000A","05.1.02","        2.70","       28.2","2","3.5"," "
"T1","2019","M001","C000A","05.1.03","        0.40","      105.0","0","0.8"," "
"T1","2019","M001","C000A","05.2","        4.90","       17.4","4","5.7"," "
"T1","2019","M001","C000A","05.2.00","        4.90","       17.4","4","5.7"," "
"T1","2019","M001","C000A","05.3","       10.30","       17.9","8.4","12.1"," "
"T1","2019","M001","C000A","05.3.01","        8.40","       21.1","6.7","10.2"," "
"T1","2019","M001","C000A","05.3.02","        1.30","       41.2","0.8","1.8"," "
"T1","2019","M001","C000A","05.3.03","        0.50","       65.5","0.2","0.9"," "
"T1","2019","M001","C000A","05.4","        4.10","       15.7","3.5","4.8"," "
"T1","2019","M001","C000A","05.4.00","        4.10","       15.7","3.5","4.8"," "
"T1","2019","M001","C000A","05.5","        5.70","       13.6","4.9","6.5"," "
"T1","2019","M001","C000A","05.5.01","        2.30","       19.8","1.9","2.8"," "
"T1","2019","M001","C000A","05.5.02","        3.40","       17.5","2.8","4"," "
"T1","2019","M001","C000A","05.6","       12.80","       14.1","11","14.6"," "
"T1","2019","M001","C000A","05.6.01","        7.20","        8.7","6.6","7.8"," "
"T1","2019","M001","C000A","05.6.02","        5.60","       29.6","4","7.3"," "
"T1","2019","M001","C000A","05","       51.40","        7.7","47.4","55.3"," "
"T1","2019","M001","C000A","06.1","       13.90","       16.2","11.6","16.1"," "
"T1","2019","M001","C000A","06.1.01","        9.00","       11.5","8","10.1"," "
"T1","2019","M001","C000A","06.1.02","        1.00","       62.2","0.4","1.6"," "
"T1","2019","M001","C000A","06.1.03","        3.90","       46.9","2.1","5.7"," "
"T1","2019","M001","C000A","06.2","       27.10","       11.5","23.9","30.2"," "
"T1","2019","M001","C000A","06.2.01","       15.20","       13.5","13.2","17.3"," "
"T1","2019","M001","C000A","06.2.02","       11.60","       20.6","9.2","14"," "
"T1","2019","M001","C000A","06.2.03","        0.20","       39.9","0.1","0.3"," "
"T1","2019","M001","C000A","06.3","        1.00","      104.9","0","2"," "
"T1","2019","M001","C000A","06.3.00","        1.00","      104.9","0","2"," "
"T1","2019","M001","C000A","06","       41.90","       10.3","37.6","46.2"," "
"T1","2019","M001","C000A","07.1","       77.30","       10.8","69","85.7"," "
"T1","2019","M001","C000A","07.1.01","       30.30","       21.7","23.7","36.8"," "
"T1","2019","M001","C000A","07.1.02","       44.80","       12.4","39.3","50.4"," "
"T1","2019","M001","C000A","07.1.03","        1.10","       39.5","0.6","1.5"," "
"T1","2019","M001","C000A","07.1.04","        1.20","       26.4","0.9","1.5"," "
"T1","2019","M001","C000A","07.2","       74.60","        4.2","71.5","77.7"," "
"T1","2019","M001","C000A","07.2.01","        7.40","       17.7","6.1","8.8"," "
"T1","2019","M001","C000A","07.2.02","       48.50","        4.9","46.1","50.9"," "
"T1","2019","M001","C000A","07.2.03","        4.10","       16.7","3.4","4.8"," "
"T1","2019","M001","C000A","07.2.04","        5.60","       11.1","5","6.2"," "
"T1","2019","M001","C000A","07.2.05","        9.00","        6.1","8.4","9.5"," "
"T1","2019","M001","C000A","07.3","       64.10","        9.9","57.7","70.4"," "
"T1","2019","M001","C000A","07.3.01","        1.10","       50.3","0.6","1.7"," "
"T1","2019","M001","C000A","07.3.02","        5.50","       12.5","4.8","6.2"," "
"T1","2019","M001","C000A","07.3.03","        5.10","       14.0","4.4","5.8"," "
"T1","2019","M001","C000A","07.3.04","       48.90","       11.9","43","54.7"," "
"T1","2019","M001","C000A","07.3.05","        0.40","       83.7","0.1","0.7"," "
"T1","2019","M001","C000A","07.3.06"," "," "," "," ","S"
"T1","2019","M001","C000A","07.3.07","        3.10","       20.4","2.5","3.7"," "
"T1","2019","M001","C000A","07","      216.00","        5.3","204.5","227.6"," "
"T1","2019","M001","C000A","08.1","        1.20","       41.0","0.7","1.8"," "
"T1","2019","M001","C000A","08.1.00","        1.20","       41.0","0.7","1.8"," "
"T1","2019","M001","C000A","08.2","        5.00","       66.7","1.7","8.3"," "
"T1","2019","M001","C000A","08.2.00","        5.00","       66.7","1.7","8.3"," "
"T1","2019","M001","C000A","08.3","       32.70","        3.2","31.7","33.8"," "
"T1","2019","M001","C000A","08.3.00","       32.70","        3.2","31.7","33.8"," "
"T1","2019","M001","C000A","08","       39.00","        9.0","35.5","42.5"," "
"T1","2019","M001","C000A","09.1","        9.90","       12.7","8.6","11.1"," "
"T1","2019","M001","C000A","09.1.01","        3.60","       17.8","2.9","4.2"," "
"T1","2019","M001","C000A","09.1.02","        4.70","       17.6","3.9","5.5"," "
"T1","2019","M001","C000A","09.1.03","        1.00","       27.1","0.7","1.3"," "
"T1","2019","M001","C000A","09.1.04","        0.60","       62.0","0.2","1"," "
"T1","2019","M001","C000A","09.2","        4.90","       33.2","3.3","6.5"," "
"T1","2019","M001","C000A","09.2.00","        4.90","       33.2","3.3","6.5"," "
"T1","2019","M001","C000A","09.3","       28.50","       17.2","23.6","33.4"," "
"T1","2019","M001","C000A","09.3.01","        5.00","       18.4","4.1","5.9"," "
"T1","2019","M001","C000A","09.3.02","        7.90","       53.5","3.7","12.1"," "
"T1","2019","M001","C000A","09.3.03","        6.70","       16.0","5.6","7.7"," "
"T1","2019","M001","C000A","09.3.04","        8.90","       14.8","7.6","10.3"," "
"T1","2019","M001","C000A","09.4","       41.80","        7.7","38.6","45"," "
"T1","2019","M001","C000A","09.4.01","       14.30","       11.5","12.6","15.9"," "
"T1","2019","M001","C000A","09.4.02","       18.30","       10.4","16.4","20.2"," "
"T1","2019","M001","C000A","09.4.03","        4.80","       31.1","3.3","6.3"," "
"T1","2019","M001","C000A","09.4.04","        4.40","       15.2","3.7","5"," "
"T1","2019","M001","C000A","09.5","        7.50","       12.1","6.6","8.4"," "
"T1","2019","M001","C000A","09.5.01","        2.50","       20.6","2","3.1"," "
"T1","2019","M001","C000A","09.5.02","        2.00","       23.5","1.5","2.5"," "
"T1","2019","M001","C000A","09.5.03","        0.80","       18.7","0.6","0.9"," "
"T1","2019","M001","C000A","09.5.04","        2.20","       15.5","1.9","2.6"," "
"T1","2019","M001","C000A","09.6","       30.00","       20.5","23.9","36.2"," "
"T1","2019","M001","C000A","09.6.00","       30.00","       20.5","23.9","36.2"," "
"T1","2019","M001","C000A","09.9","        7.60","       55.8","3.3","11.8"," "
"T1","2019","M001","C000A","09.9.00","        7.60","       55.8","3.3","11.8"," "
"T1","2019","M001","C000A","09","      130.20","        8.2","119.5","140.8"," "
"T1","2019","M001","C000A","10.1","        6.60","       18.9","5.4","7.8"," "
"T1","2019","M001","C000A","10.1.00","        6.60","       18.9","5.4","7.8"," "
"T1","2019","M001","C000A","10.2","        4.20","       24.6","3.1","5.2"," "
"T1","2019","M001","C000A","10.2.00","        4.20","       24.6","3.1","5.2"," "
"T1","2019","M001","C000A","10.3","        6.50","       41.2","3.8","9.2"," "
"T1","2019","M001","C000A","10.3.00","        6.50","       41.2","3.8","9.2"," "
"T1","2019","M001","C000A","10.4","        2.30","       67.4","0.7","3.8"," "
"T1","2019","M001","C000A","10.4.00","        2.30","       67.4","0.7","3.8"," "
"T1","2019","M001","C000A","10","       19.50","       17.2","16.2","22.9"," "
"T1","2019","M001","C000A","11.1","       25.20","       11.2","22.4","28"," "
"T1","2019","M001","C000A","11.1.01","       11.60","       21.7","9.1","14.1"," "
"T1","2019","M001","C000A","11.1.02","        0.40","       62.4","0.2","0.7"," "
"T1","2019","M001","C000A","11.1.03","       13.20","        7.5","12.2","14.2"," "
"T1","2019","M001","C000A","11.3","       14.80","       12.5","13","16.7"," "
"T1","2019","M001","C000A","11.3.01","        2.50","       42.9","1.4","3.5"," "
"T1","2019","M001","C000A","11.3.02","       12.40","       12.1","10.9","13.9"," "
"T1","2019","M001","C000A","11.4","       65.30","        3.9","62.7","67.8"," "
"T1","2019","M001","C000A","11.4.01","       10.10","        8.0","9.3","10.9"," "
"T1","2019","M001","C000A","11.4.02","        7.10","        9.3","6.4","7.7"," "
"T1","2019","M001","C000A","11.4.03","        2.20","       11.2","1.9","2.4"," "
"T1","2019","M001","C000A","11.4.04","       10.60","       11.4","9.4","11.8"," "
"T1","2019","M001","C000A","11.4.05","       10.90","        5.3","10.3","11.5"," "
"T1","2019","M001","C000A","11.4.06","       20.90","        6.1","19.6","22.1"," "
"T1","2019","M001","C000A","11.4.07","        3.50","       12.4","3.1","3.9"," "
"T1","2019","M001","C000A","11.5","        2.20","        9.5","2","2.4"," "
"T1","2019","M001","C000A","11.5.01","        2.20","        9.6","2","2.4"," "
"T1","2019","M001","C000A","11.5.02"," "," "," "," ","S"
"T1","2019","M001","C000A","11.6","        6.80","       30.4","4.7","8.8"," "
"T1","2019","M001","C000A","11.6.01","        1.40","       17.4","1.2","1.7"," "
"T1","2019","M001","C000A","11.6.02","        2.80","       65.1","1","4.6"," "
"T1","2019","M001","C000A","11.6.03"," "," "," "," ","S"
"T1","2019","M001","C000A","11.6.04","        2.60","       32.8","1.7","3.4"," "
"T1","2019","M001","C000A","11","      114.20","        4.4","109.2","119.2"," "
"T1","2019","M001","C000A","13.1","       91.50","        7.8","84.3","98.7"," "
"T1","2019","M001","C000A","13.1.01","       82.70","        8.4","75.7","89.6"," "
"T1","2019","M001","C000A","13.1.02","        5.70","       21.0","4.5","6.9"," "
"T1","2019","M001","C000A","13.1.03","        0.80","       31.5","0.6","1.1"," "
"T1","2019","M001","C000A","13.1.04","        2.30","       15.9","1.9","2.6"," "
"T1","2019","M001","C000A","13.2","       36.90","        8.1","33.9","39.9"," "
"T1","2019","M001","C000A","13.2.00","       36.90","        8.1","33.9","39.9"," "
"T1","2019","M001","C000A","13.3","        5.20","       38.3","3.2","7.2"," "
"T1","2019","M001","C000A","13.3.00","        5.20","       38.3","3.2","7.2"," "
"T1","2019","M001","C000A","13.4","        0.10","       61.7","0","0.1"," "
"T1","2019","M001","C000A","13.4.00","        0.10","       61.7","0","0.1"," "
"T1","2019","M001","C000A","13","      133.60","        6.2","125.4","141.9"," "
"T1","2019","M001","C000A","14","      -40.40","       28.1","-51.8","-29.1"," "
"T1","2019","M001","C000A","Net","    1349.80","        2.7","1313","1386.6"," "
"T1","2023","M001","C000A","01.1","       27.70","        4.0","26.6","28.8"," "
"T1","2023","M001","C000A","01.1.01","       10.80","        5.1","10.3","11.4"," "
"T1","2023","M001","C000A","01.1.02","       16.80","        4.8","16","17.6"," "
"T1","2023","M001","C000A","01.2","       31.40","        5.4","29.7","33.1"," "
"T1","2023","M001","C000A","01.2.01","       26.10","        5.8","24.6","27.7"," "
"T1","2023","M001","C000A","01.2.02","        5.20","        9.6","4.7","5.7"," "
"T1","2023","M001","C000A","01.3","      139.40","        3.8","134","144.7"," "
"T1","2023","M001","C000A","01.3.01","       20.90","        4.5","20","21.9"," "
"T1","2023","M001","C000A","01.3.02","       17.60","        5.2","16.7","18.5"," "
"T1","2023","M001","C000A","01.3.03","        3.20","        9.9","2.8","3.5"," "
"T1","2023","M001","C000A","01.3.04","        6.00","        7.1","5.6","6.4"," "
"T1","2023","M001","C000A","01.3.05","       14.60","        5.3","13.8","15.3"," "
"T1","2023","M001","C000A","01.3.06","       77.20","        6.7","72","82.3"," "
"T1","2023","M001","C000A","01.4","       15.60","        6.8","14.5","16.7"," "
"T1","2023","M001","C000A","01.4.01","        5.10","        9.9","4.6","5.7"," "
"T1","2023","M001","C000A","01.4.02","       10.40","        8.3","9.6","11.3"," "
"T1","2023","M001","C000A","01.5","       85.50","        4.7","81.4","89.5"," "
"T1","2023","M001","C000A","01.5.01","       29.50","        8.7","26.9","32"," "
"T1","2023","M001","C000A","01.5.02","       54.80","        4.8","52.2","57.5"," "
"T1","2023","M001","C000A","01.5.03","        1.20","       89.0","0.1","2.3"," "
"T1","2023","M001","C000A","01","      299.50","        2.9","290.7","308.3"," "
"T1","2023","M001","C000A","02.1","       23.30","        8.2","21.4","25.3"," "
"T1","2023","M001","C000A","02.1.01","        7.90","       12.1","6.9","8.8"," "
"T1","2023","M001","C000A","02.1.02","        8.00","       14.0","6.9","9.1"," "
"T1","2023","M001","C000A","02.1.03","        2.60","       22.2","2.1","3.2"," "
"T1","2023","M001","C000A","02.1.04","        4.90","       20.7","3.9","5.9"," "
"T1","2023","M001","C000A","02.2","        7.80","       13.7","6.7","8.8"," "
"T1","2023","M001","C000A","02.2.00","        7.80","       13.7","6.7","8.8"," "
"T1","2023","M001","C000A","02.3"," "," "," "," ","S"
"T1","2023","M001","C000A","02.3.00"," "," "," "," ","S"
"T1","2023","M001","C000A","02","       31.20","        7.3","28.9","33.5"," "
"T1","2023","M001","C000A","03.1","       34.90","       10.5","31.3","38.6"," "
"T1","2023","M001","C000A","03.1.01","       17.50","       15.7","14.7","20.3"," "
"T1","2023","M001","C000A","03.1.02","        4.80","       33.0","3.2","6.4"," "
"T1","2023","M001","C000A","03.1.03","        8.00","       20.7","6.3","9.6"," "
"T1","2023","M001","C000A","03.1.04","        1.80","       23.1","1.4","2.2"," "
"T1","2023","M001","C000A","03.1.05","        0.80","       34.1","0.6","1.1"," "
"T1","2023","M001","C000A","03.1.06","        0.80","       35.5","0.5","1.1"," "
"T1","2023","M001","C000A","03.1.07","        1.20","       33.2","0.8","1.6"," "
"T1","2023","M001","C000A","03.2","        7.80","       17.8","6.4","9.2"," "
"T1","2023","M001","C000A","03.2.01","        4.50","       23.4","3.5","5.6"," "
"T1","2023","M001","C000A","03.2.02","        1.30","       43.4","0.7","1.9"," "
"T1","2023","M001","C000A","03.2.03","        1.00","       49.0","0.5","1.4"," "
"T1","2023","M001","C000A","03.2.04","        0.70","       45.5","0.4","1.1"," "
"T1","2023","M001","C000A","03.2.05","        0.30","       58.1","0.1","0.4"," "
"T1","2023","M001","C000A","03","       42.70","        9.7","38.6","46.8"," "
"T1","2023","M001","C000A","04.1","      144.80","        7.0","134.6","155"," "
"T1","2023","M001","C000A","04.1.01","      142.20","        7.0","132.3","152.2"," "
"T1","2023","M001","C000A","04.1.02","        2.60","       21.1","2","3.1"," "
"T1","2023","M001","C000A","04.2","      118.20","       11.0","105.2","131.1"," "
"T1","2023","M001","C000A","04.2.01","       88.80","       11.6","78.5","99.1"," "
"T1","2023","M001","C000A","04.2.02","        1.60","       42.8","0.9","2.3"," "
"T1","2023","M001","C000A","04.2.03","       27.80","       21.4","21.8","33.7"," "
"T1","2023","M001","C000A","04.3","       31.80","       20.4","25.4","38.3"," "
"T1","2023","M001","C000A","04.3.01","        9.80","       23.1","7.5","12"," "
"T1","2023","M001","C000A","04.3.02","       22.10","       27.0","16.1","28"," "
"T1","2023","M001","C000A","04.4","       50.40","        3.3","48.8","52"," "
"T1","2023","M001","C000A","04.4.01","        4.70","        7.9","4.3","5"," "
"T1","2023","M001","C000A","04.4.02","        1.70","       26.5","1.3","2.2"," "
"T1","2023","M001","C000A","04.4.03","       43.90","        3.4","42.5","45.4"," "
"T1","2023","M001","C000A","04.4.04","        0.10","       72.4","0","0.1"," "
"T1","2023","M001","C000A","04.5","       49.10","        2.3","47.9","50.2"," "
"T1","2023","M001","C000A","04.5.01","       39.40","        2.8","38.3","40.5"," "
"T1","2023","M001","C000A","04.5.02","        4.70","        9.3","4.3","5.2"," "
"T1","2023","M001","C000A","04.5.03","        1.70","       12.2","1.5","1.9"," "
"T1","2023","M001","C000A","04.5.04","        0.10","      112.2","0","0.3"," "
"T1","2023","M001","C000A","04.5.05","        3.10","       23.1","2.4","3.9"," "
"T1","2023","M001","C000A","04.6","        3.70","       31.4","2.5","4.9"," "
"T1","2023","M001","C000A","04.6.00","        3.70","       31.4","2.5","4.9"," "
"T1","2023","M001","C000A","04","      398.00","        4.3","380.8","415.2"," "
"T1","2023","M001","C000A","05.1","       18.20","       12.0","16.1","20.4"," "
"T1","2023","M001","C000A","05.1.01","       13.00","       12.9","11.3","14.7"," "
"T1","2023","M001","C000A","05.1.02","        4.80","       25.0","3.6","6"," "
"T1","2023","M001","C000A","05.1.03","        0.50","       48.1","0.2","0.7"," "
"T1","2023","M001","C000A","05.2","        4.50","       22.7","3.5","5.5"," "
"T1","2023","M001","C000A","05.2.00","        4.50","       22.7","3.5","5.5"," "
"T1","2023","M001","C000A","05.3","       12.00","       11.3","10.6","13.4"," "
"T1","2023","M001","C000A","05.3.01","       10.10","       12.6","8.8","11.4"," "
"T1","2023","M001","C000A","05.3.02","        0.90","       37.3","0.6","1.3"," "
"T1","2023","M001","C000A","05.3.03","        1.00","       36.4","0.6","1.3"," "
"T1","2023","M001","C000A","05.4","        4.30","       18.4","3.5","5.1"," "
"T1","2023","M001","C000A","05.4.00","        4.30","       18.4","3.5","5.1"," "
"T1","2023","M001","C000A","05.5","        7.30","       18.5","5.9","8.7"," "
"T1","2023","M001","C000A","05.5.01","        2.50","       18.8","2","3"," "
"T1","2023","M001","C000A","05.5.02","        4.80","       24.3","3.6","6"," "
"T1","2023","M001","C000A","05.6","       10.80","        7.9","9.9","11.6"," "
"T1","2023","M001","C000A","05.6.01","        8.30","        7.3","7.7","8.9"," "
"T1","2023","M001","C000A","05.6.02","        2.50","       25.7","1.8","3.1"," "
"T1","2023","M001","C000A","05","       57.10","        7.4","52.9","61.4"," "
"T1","2023","M001","C000A","06.1","       15.30","       11.7","13.5","17.1"," "
"T1","2023","M001","C000A","06.1.01","       10.60","       11.8","9.4","11.9"," "
"T1","2023","M001","C000A","06.1.02","        0.80","       39.6","0.5","1.2"," "
"T1","2023","M001","C000A","06.1.03","        3.80","       26.8","2.8","4.9"," "
"T1","2023","M001","C000A","06.2","       32.80","       13.3","28.4","37.2"," "
"T1","2023","M001","C000A","06.2.01","       19.60","       13.8","16.9","22.3"," "
"T1","2023","M001","C000A","06.2.02","       12.40","       26.6","9.1","15.7"," "
"T1","2023","M001","C000A","06.2.03","        0.80","       40.8","0.5","1.1"," "
"T1","2023","M001","C000A","06.3","        1.60","       90.1","0.2","3.1"," "
"T1","2023","M001","C000A","06.3.00","        1.60","       90.1","0.2","3.1"," "
"T1","2023","M001","C000A","06","       49.70","       10.4","44.5","54.8"," "
"T1","2023","M001","C000A","07.1","       84.30","       13.3","73.1","95.5"," "
"T1","2023","M001","C000A","07.1.01","       32.00","       27.6","23.2","40.8"," "
"T1","2023","M001","C000A","07.1.02","       47.40","       15.1","40.3","54.6"," "
"T1","2023","M001","C000A","07.1.03","        3.60","       78.7","0.8","6.4"," "
"T1","2023","M001","C000A","07.1.04","        1.40","       42.1","0.8","1.9"," "
"T1","2023","M001","C000A","07.2","       93.00","        4.8","88.5","97.4"," "
"T1","2023","M001","C000A","07.2.01","        8.50","       13.7","7.4","9.7"," "
"T1","2023","M001","C000A","07.2.02","       53.90","        6.0","50.7","57.1"," "
"T1","2023","M001","C000A","07.2.03","        8.60","       16.0","7.2","10"," "
"T1","2023","M001","C000A","07.2.04","       12.60","       14.6","10.7","14.4"," "
"T1","2023","M001","C000A","07.2.05","        9.40","        8.7","8.6","10.2"," "
"T1","2023","M001","C000A","07.3","       74.30","       12.8","64.8","83.9"," "
"T1","2023","M001","C000A","07.3.01","        0.10","       71.4","0","0.2"," "
"T1","2023","M001","C000A","07.3.02","        5.60","       14.6","4.8","6.4"," "
"T1","2023","M001","C000A","07.3.03","        9.70","       17.0","8","11.3"," "
"T1","2023","M001","C000A","07.3.04","       44.00","       15.2","37.3","50.7"," "
"T1","2023","M001","C000A","07.3.05","        4.50","       49.4","2.3","6.7"," "
"T1","2023","M001","C000A","07.3.06"," "," "," "," ","S"
"T1","2023","M001","C000A","07.3.07","       10.40","       25.3","7.8","13.1"," "
"T1","2023","M001","C000A","07","      251.60","        6.4","235.5","267.8"," "
"T1","2023","M001","C000A","08.1","        1.60","       31.5","1.1","2.1"," "
"T1","2023","M001","C000A","08.1.00","        1.60","       31.5","1.1","2.1"," "
"T1","2023","M001","C000A","08.2","        3.90","       13.2","3.4","4.4"," "
"T1","2023","M001","C000A","08.2.00","        3.90","       13.2","3.4","4.4"," "
"T1","2023","M001","C000A","08.3","       33.70","        3.1","32.7","34.7"," "
"T1","2023","M001","C000A","08.3.00","       33.70","        3.1","32.7","34.7"," "
"T1","2023","M001","C000A","08","       39.20","        3.5","37.8","40.5"," "
"T1","2023","M001","C000A","09.1","       10.10","       10.4","9","11.1"," "
"T1","2023","M001","C000A","09.1.01","        3.70","       17.5","3.1","4.4"," "
"T1","2023","M001","C000A","09.1.02","        5.00","       12.7","4.3","5.6"," "
"T1","2023","M001","C000A","09.1.03","        1.10","       34.0","0.7","1.5"," "
"T1","2023","M001","C000A","09.1.04","        0.30","       70.8","0.1","0.5"," "
"T1","2023","M001","C000A","09.2","       13.00","       41.2","7.7","18.4"," "
"T1","2023","M001","C000A","09.2.00","       13.00","       41.2","7.7","18.4"," "
"T1","2023","M001","C000A","09.3","       32.10","        8.7","29.3","34.9"," "
"T1","2023","M001","C000A","09.3.01","        6.10","       18.0","5","7.1"," "
"T1","2023","M001","C000A","09.3.02","        5.00","       26.5","3.7","6.4"," "
"T1","2023","M001","C000A","09.3.03","        8.50","       19.5","6.8","10.1"," "
"T1","2023","M001","C000A","09.3.04","       12.60","       10.7","11.2","13.9"," "
"T1","2023","M001","C000A","09.4","       47.80","        9.0","43.5","52.1"," "
"T1","2023","M001","C000A","09.4.01","       14.70","       10.0","13.2","16.2"," "
"T1","2023","M001","C000A","09.4.02","       20.40","        8.7","18.6","22.1"," "
"T1","2023","M001","C000A","09.4.03","        7.10","       41.1","4.2","10.1"," "
"T1","2023","M001","C000A","09.4.04","        5.60","       19.4","4.6","6.7"," "
"T1","2023","M001","C000A","09.5","        6.60","       11.7","5.8","7.3"," "
"T1","2023","M001","C000A","09.5.01","        2.30","       22.9","1.8","2.9"," "
"T1","2023","M001","C000A","09.5.02","        1.40","       21.5","1.1","1.7"," "
"T1","2023","M001","C000A","09.5.03","        0.50","       23.0","0.4","0.6"," "
"T1","2023","M001","C000A","09.5.04","        2.30","       17.4","1.9","2.7"," "
"T1","2023","M001","C000A","09.6","       21.80","       13.6","18.8","24.8"," "
"T1","2023","M001","C000A","09.6.00","       21.80","       13.6","18.8","24.8"," "
"T1","2023","M001","C000A","09.9","        1.60","       55.8","0.7","2.5"," "
"T1","2023","M001","C000A","09.9.00","        1.60","       55.8","0.7","2.5"," "
"T1","2023","M001","C000A","09","      133.00","        6.0","125","141"," "
"T1","2023","M001","C000A","10.1","        6.10","       23.5","4.6","7.5"," "
"T1","2023","M001","C000A","10.1.00","        6.10","       23.5","4.6","7.5"," "
"T1","2023","M001","C000A","10.2","        6.30","       34.3","4.2","8.5"," "
"T1","2023","M001","C000A","10.2.00","        6.30","       34.3","4.2","8.5"," "
"T1","2023","M001","C000A","10.3","        6.10","       33.9","4","8.2"," "
"T1","2023","M001","C000A","10.3.00","        6.10","       33.9","4","8.2"," "
"T1","2023","M001","C000A","10.4","        1.40","       42.9","0.8","2.1"," "
"T1","2023","M001","C000A","10.4.00","        1.40","       42.9","0.8","2.1"," "
"T1","2023","M001","C000A","10","       19.90","       17.7","16.4","23.4"," "
"T1","2023","M001","C000A","11.1","       30.00","        7.8","27.6","32.3"," "
"T1","2023","M001","C000A","11.1.01","       14.30","       12.7","12.5","16.1"," "
"T1","2023","M001","C000A","11.1.02","        0.50","       51.7","0.2","0.8"," "
"T1","2023","M001","C000A","11.1.03","       15.20","        7.7","14","16.3"," "
"T1","2023","M001","C000A","11.3","       19.00","       11.5","16.8","21.2"," "
"T1","2023","M001","C000A","11.3.01","        3.80","       27.8","2.8","4.9"," "
"T1","2023","M001","C000A","11.3.02","       15.20","       11.8","13.4","17"," "
"T1","2023","M001","C000A","11.4","       80.20","        4.5","76.7","83.8"," "
"T1","2023","M001","C000A","11.4.01","       11.80","       11.4","10.5","13.2"," "
"T1","2023","M001","C000A","11.4.02","       10.40","       16.2","8.7","12"," "
"T1","2023","M001","C000A","11.4.03","        2.50","       12.6","2.1","2.8"," "
"T1","2023","M001","C000A","11.4.04","       15.10","       11.3","13.4","16.8"," "
"T1","2023","M001","C000A","11.4.05","       13.20","        5.2","12.5","13.8"," "
"T1","2023","M001","C000A","11.4.06","       24.10","        6.0","22.7","25.6"," "
"T1","2023","M001","C000A","11.4.07","        3.20","       14.8","2.7","3.7"," "
"T1","2023","M001","C000A","11.5","        3.00","       22.2","2.3","3.7"," "
"T1","2023","M001","C000A","11.5.01","        3.00","       22.2","2.3","3.7"," "
"T1","2023","M001","C000A","11.5.02"," "," "," "," ","S"
"T1","2023","M001","C000A","11.6","        6.60","       26.9","4.8","8.4"," "
"T1","2023","M001","C000A","11.6.01","        1.70","       22.6","1.3","2.1"," "
"T1","2023","M001","C000A","11.6.02","        1.70","       46.3","0.9","2.5"," "
"T1","2023","M001","C000A","11.6.03"," "," "," "," ","S"
"T1","2023","M001","C000A","11.6.04","        3.20","       45.7","1.7","4.6"," "
"T1","2023","M001","C000A","11","      138.80","        4.2","133","144.7"," "
"T1","2023","M001","C000A","13.1","      107.10","        7.2","99.3","114.8"," "
"T1","2023","M001","C000A","13.1.01","       97.80","        7.9","90","105.5"," "
"T1","2023","M001","C000A","13.1.02","        7.20","       31.3","5","9.5"," "
"T1","2023","M001","C000A","13.1.03","        0.30","       37.0","0.2","0.4"," "
"T1","2023","M001","C000A","13.1.04","        1.70","       20.9","1.4","2.1"," "
"T1","2023","M001","C000A","13.2","       60.40","        6.2","56.7","64.1"," "
"T1","2023","M001","C000A","13.2.00","       60.40","        6.2","56.7","64.1"," "
"T1","2023","M001","C000A","13.3","        8.20","       29.3","5.8","10.5"," "
"T1","2023","M001","C000A","13.3.00","        8.20","       29.3","5.8","10.5"," "
"T1","2023","M001","C000A","13.4","        0.10","       55.1","0","0.1"," "
"T1","2023","M001","C000A","13.4.00","        0.10","       55.1","0","0.1"," "
"T1","2023","M001","C000A","13","      175.70","        5.3","166.4","185"," "
"T1","2023","M001","C000A","14","      -38.90","       15.3","-44.9","-33"," "
"T1","2023","M001","C000A","Net","    1597.50","        2.6","1556","1639"," "
"T1","D001","M001","C000A","01.1","        17.4","         6.7","10.7","24.2"," "
"T1","D001","M001","C000A","01.1.01","        12.7","         8.2","4.5","20.9"," "
"T1","D001","M001","C000A","01.1.02","        20.7","         8.0","12.7","28.7"," "
"T1","D001","M001","C000A","01.2","        11.7","         9.2","2.5","20.9"," "
"T1","D001","M001","C000A","01.2.01","        12.2","         9.5","2.6","21.7"," "
"T1","D001","M001","C000A","01.2.02","         9.6","        15.9","-6.3","25.5"," "
"T1","D001","M001","C000A","01.3","        35.5","         7.1","28.4","42.6"," "
"T1","D001","M001","C000A","01.3.01","        14.6","         7.8","6.8","22.3"," "
"T1","D001","M001","C000A","01.3.02","        13.6","         8.2","5.4","21.8"," "
"T1","D001","M001","C000A","01.3.03","        -3.4","        12.2","-15.6","8.8"," "
"T1","D001","M001","C000A","01.3.04","        15.4","        11.8","3.6","27.2"," "
"T1","D001","M001","C000A","01.3.05","        11.0","         9.3","1.6","20.3"," "
"T1","D001","M001","C000A","01.3.06","        62.3","        17.1","45.2","79.4"," "
"T1","D001","M001","C000A","01.4","        35.7","        13.7","22","49.4"," "
"T1","D001","M001","C000A","01.4.01","        30.4","        19.8","10.6","50.2"," "
"T1","D001","M001","C000A","01.4.02","        38.5","        15.0","23.5","53.4"," "
"T1","D001","M001","C000A","01.5","        26.2","        11.6","14.6","37.8"," "
"T1","D001","M001","C000A","01.5.01","        11.2","        13.5","-2.3","24.6"," "
"T1","D001","M001","C000A","01.5.02","        40.3","        10.2","30.2","50.5"," "
"T1","D001","M001","C000A","01.5.03","       -45.3","     1334.5","-1379.8","1289.1"," "
"T1","D001","M001","C000A","01","        28.1","         5.1","23","33.2"," "
"T1","D001","M001","C000A","02.1","        13.4","        12.7","0.7","26.2"," "
"T1","D001","M001","C000A","02.1.01","        11.2","        16.4","-5.2","27.7"," "
"T1","D001","M001","C000A","02.1.02","         0.7","        16.5","-15.9","17.2"," "
"T1","D001","M001","C000A","02.1.03","        25.6","        42.5","-17","68.1"," "
"T1","D001","M001","C000A","02.1.04","        39.7","        37.4","2.3","77.1"," "
"T1","D001","M001","C000A","02.2","       -11.3","        17.1","-28.5","5.8"," "
"T1","D001","M001","C000A","02.2.00","       -11.3","        17.1","-28.5","5.8"," "
"T1","D001","M001","C000A","02.3"," "," "," "," ","S"
"T1","D001","M001","C000A","02.3.00"," "," "," "," ","S"
"T1","D001","M001","C000A","02","         6.2","        10.3","-4.2","16.5"," "
"T1","D001","M001","C000A","03.1","        20.4","        18.7","1.8","39.1"," "
"T1","D001","M001","C000A","03.1.01","        76.9","        41.1","35.8","118"," "
"T1","D001","M001","C000A","03.1.02","         6.5","        47.1","-40.6","53.7"," "
"T1","D001","M001","C000A","03.1.03","       -23.1","        20.3","-43.5","-2.8"," "
"T1","D001","M001","C000A","03.1.04","       -10.5","        26.4","-36.9","15.9"," "
"T1","D001","M001","C000A","03.1.05","        18.4","        48.4","-30","66.8"," "
"T1","D001","M001","C000A","03.1.06","        12.0","        57.0","-45","69.1"," "
"T1","D001","M001","C000A","03.1.07","        49.5","        76.1","-26.6","125.6"," "
"T1","D001","M001","C000A","03.2","         0.8","        25.5","-24.7","26.3"," "
"T1","D001","M001","C000A","03.2.01","        45.8","        53.6","-7.9","99.4"," "
"T1","D001","M001","C000A","03.2.02","         5.4","        74.9","-69.5","80.3"," "
"T1","D001","M001","C000A","03.2.03","       -57.0","        25.8","-82.7","-31.2"," "
"T1","D001","M001","C000A","03.2.04","       -26.2","        46.9","-73.1","20.7"," "
"T1","D001","M001","C000A","03.2.05","        49.3","       102.7","-53.4","152"," "
"T1","D001","M001","C000A","03","        16.3","        16.7","-0.3","33"," "
"T1","D001","M001","C000A","04.1","        17.3","        10.7","6.6","28"," "
"T1","D001","M001","C000A","04.1.01","        17.8","        10.7","7","28.5"," "
"T1","D001","M001","C000A","04.1.02","        -3.8","        31.5","-35.3","27.6"," "
"T1","D001","M001","C000A","04.2","        13.2","        21.9","-8.7","35.1"," "
"T1","D001","M001","C000A","04.2.01","        28.1","        18.7","9.4","46.7"," "
"T1","D001","M001","C000A","04.2.02","       -59.4","        21.4","-80.8","-38.1"," "
"T1","D001","M001","C000A","04.2.03","       -10.7","        42.3","-52.9","31.6"," "
"T1","D001","M001","C000A","04.3","        11.5","        29.8","-18.4","41.3"," "
"T1","D001","M001","C000A","04.3.01","        -2.4","        34.7","-37.1","32.3"," "
"T1","D001","M001","C000A","04.3.02","        18.9","        42.6","-23.7","61.5"," "
"T1","D001","M001","C000A","04.4","        26.7","         7.3","19.4","34"," "
"T1","D001","M001","C000A","04.4.01","         2.1","        12.0","-9.8","14.1"," "
"T1","D001","M001","C000A","04.4.02","        43.4","        52.6","-9.2","96"," "
"T1","D001","M001","C000A","04.4.03","        29.9","         7.8","22.1","37.7"," "
"T1","D001","M001","C000A","04.4.04","       -55.3","        43.2","-98.4","-12.1"," "
"T1","D001","M001","C000A","04.5","         9.8","         3.8","6","13.6"," "
"T1","D001","M001","C000A","04.5.01","         6.5","         4.3","2.2","10.8"," "
"T1","D001","M001","C000A","04.5.02","        52.7","        20.5","32.2","73.2"," "
"T1","D001","M001","C000A","04.5.03","        54.7","        29.0","25.7","83.7"," "
"T1","D001","M001","C000A","04.5.04","       128.4","       355.4","-227","483.8"," "
"T1","D001","M001","C000A","04.5.05","        -9.2","        24.7","-33.9","15.5"," "
"T1","D001","M001","C000A","04.6","         1.5","        53.3","-51.8","54.8"," "
"T1","D001","M001","C000A","04.6.00","         1.5","        53.3","-51.8","54.8"," "
"T1","D001","M001","C000A","04","        15.5","         8.0","7.5","23.5"," "
"T1","D001","M001","C000A","05.1","        34.3","        24.9","9.4","59.2"," "
"T1","D001","M001","C000A","05.1.01","        24.4","        25.5","-1.1","49.8"," "
"T1","D001","M001","C000A","05.1.02","        73.8","        71.5","2.3","145.3"," "
"T1","D001","M001","C000A","05.1.03","        21.9","       244.3","-222.4","266.1"," "
"T1","D001","M001","C000A","05.2","        -6.8","        27.2","-34","20.4"," "
"T1","D001","M001","C000A","05.2.00","        -6.8","        27.2","-34","20.4"," "
"T1","D001","M001","C000A","05.3","        17.1","        26.3","-9.2","43.3"," "
"T1","D001","M001","C000A","05.3.01","        20.0","        31.6","-11.7","51.6"," "
"T1","D001","M001","C000A","05.3.02","       -27.9","        42.2","-70.1","14.3"," "
"T1","D001","M001","C000A","05.3.03","        78.6","       181.7","-103.1","260.2"," "
"T1","D001","M001","C000A","05.4","         3.8","        25.0","-21.1","28.8"," "
"T1","D001","M001","C000A","05.4.00","         3.8","        25.0","-21.1","28.8"," "
"T1","D001","M001","C000A","05.5","        27.9","        30.1","-2.2","58"," "
"T1","D001","M001","C000A","05.5.01","         6.0","        31.2","-25.2","37.2"," "
"T1","D001","M001","C000A","05.5.02","        43.2","        43.0","0.2","86.2"," "
"T1","D001","M001","C000A","05.6","       -16.2","        13.6","-29.7","-2.6"," "
"T1","D001","M001","C000A","05.6.01","        14.8","        13.3","1.5","28.1"," "
"T1","D001","M001","C000A","05.6.02","       -55.9","        18.4","-74.4","-37.5"," "
"T1","D001","M001","C000A","05","        11.2","        12.2","-0.9","23.4"," "
"T1","D001","M001","C000A","06.1","        10.1","        20.9","-10.8","31.1"," "
"T1","D001","M001","C000A","06.1.01","        17.6","        19.3","-1.7","36.9"," "
"T1","D001","M001","C000A","06.1.02","       -13.6","        69.2","-82.8","55.5"," "
"T1","D001","M001","C000A","06.1.03","        -1.2","        53.7","-54.9","52.4"," "
"T1","D001","M001","C000A","06.2","        21.1","        22.9","-1.8","44"," "
"T1","D001","M001","C000A","06.2.01","        28.8","        26.1","2.6","54.9"," "
"T1","D001","M001","C000A","06.2.02","         6.9","        37.7","-30.8","44.6"," "
"T1","D001","M001","C000A","06.2.03","       218.4","       179.2","39.1","397.6"," "
"T1","D001","M001","C000A","06.3","        65.8","       316.9","-251.1","382.7"," "
"T1","D001","M001","C000A","06.3.00","        65.8","       316.9","-251.1","382.7"," "
"T1","D001","M001","C000A","06","        18.5","        18.2","0.3","36.7"," "
"T1","D001","M001","C000A","07.1","         9.1","        16.8","-7.7","25.9"," "
"T1","D001","M001","C000A","07.1.01","         5.7","        35.7","-30.1","41.4"," "
"T1","D001","M001","C000A","07.1.02","         5.7","        20.8","-15.1","26.6"," "
"T1","D001","M001","C000A","07.1.03","       235.8","       309.1","-73.3","544.8"," "
"T1","D001","M001","C000A","07.1.04","        17.0","        58.6","-41.6","75.7"," "
"T1","D001","M001","C000A","07.2","        24.6","         8.6","16","33.2"," "
"T1","D001","M001","C000A","07.2.01","        14.6","        26.7","-12.1","41.3"," "
"T1","D001","M001","C000A","07.2.02","        11.1","         8.7","2.4","19.8"," "
"T1","D001","M001","C000A","07.2.03","       109.1","        48.6","60.5","157.7"," "
"T1","D001","M001","C000A","07.2.04","       124.7","        39.9","84.7","164.6"," "
"T1","D001","M001","C000A","07.2.05","         4.5","        10.6","-6","15.1"," "
"T1","D001","M001","C000A","07.3","        16.0","        17.8","-1.8","33.8"," "
"T1","D001","M001","C000A","07.3.01","       -88.6","        10.2","-98.8","-78.4"," "
"T1","D001","M001","C000A","07.3.02","         1.3","        19.3","-18","20.6"," "
"T1","D001","M001","C000A","07.3.03","        89.6","        41.9","47.7","131.6"," "
"T1","D001","M001","C000A","07.3.04","        -9.9","        16.1","-26.1","6.2"," "
"T1","D001","M001","C000A","07.3.05","     1135.2","     1509.6","-374.4","2644.8"," "
"T1","D001","M001","C000A","07.3.06"," "," "," "," ","S"
"T1","D001","M001","C000A","07.3.07","       234.8","       117.9","116.9","352.6"," "
"T1","D001","M001","C000A","07","        16.5","         8.7","7.7","25.2"," "
"T1","D001","M001","C000A","08.1","        28.9","        74.4","-45.5","103.3"," "
"T1","D001","M001","C000A","08.1.00","        28.9","        74.4","-45.5","103.3"," "
"T1","D001","M001","C000A","08.2","       -22.7","        65.3","-87.9","42.6"," "
"T1","D001","M001","C000A","08.2.00","       -22.7","        65.3","-87.9","42.6"," "
"T1","D001","M001","C000A","08.3","         2.9","         4.4","-1.4","7.3"," "
"T1","D001","M001","C000A","08.3.00","         2.9","         4.4","-1.4","7.3"," "
"T1","D001","M001","C000A","08","         0.5","         9.9","-9.4","10.4"," "
"T1","D001","M001","C000A","09.1","         2.0","        16.4","-14.4","18.5"," "
"T1","D001","M001","C000A","09.1.01","         4.9","        26.8","-22","31.7"," "
"T1","D001","M001","C000A","09.1.02","         5.8","        21.6","-15.8","27.4"," "
"T1","D001","M001","C000A","09.1.03","         7.7","        47.4","-39.6","55.1"," "
"T1","D001","M001","C000A","09.1.04","       -53.9","        46.0","-99.8","-7.9"," "
"T1","D001","M001","C000A","09.2","       166.8","       144.0","22.8","310.8"," "
"T1","D001","M001","C000A","09.2.00","       166.8","       144.0","22.8","310.8"," "
"T1","D001","M001","C000A","09.3","        12.7","        21.2","-8.4","33.9"," "
"T1","D001","M001","C000A","09.3.01","        21.0","        34.0","-13","55"," "
"T1","D001","M001","C000A","09.3.02","       -36.4","        43.2","-79.7","6.8"," "
"T1","D001","M001","C000A","09.3.03","        27.2","        32.8","-5.6","60"," "
"T1","D001","M001","C000A","09.3.04","        40.8","        26.1","14.7","66.9"," "
"T1","D001","M001","C000A","09.4","        14.5","        13.6","0.9","28.1"," "
"T1","D001","M001","C000A","09.4.01","         2.8","        17.8","-15","20.6"," "
"T1","D001","M001","C000A","09.4.02","        11.1","        15.0","-3.9","26"," "
"T1","D001","M001","C000A","09.4.03","        48.8","        78.2","-29.4","127"," "
"T1","D001","M001","C000A","09.4.04","        29.2","        32.5","-3.3","61.7"," "
"T1","D001","M001","C000A","09.5","       -13.0","        15.1","-28.1","2.1"," "
"T1","D001","M001","C000A","09.5.01","        -7.3","        29.7","-37","22.4"," "
"T1","D001","M001","C000A","09.5.02","       -29.4","        23.7","-53.1","-5.7"," "
"T1","D001","M001","C000A","09.5.03","       -32.7","        20.9","-53.6","-11.8"," "
"T1","D001","M001","C000A","09.5.04","         1.9","        25.6","-23.7","27.5"," "
"T1","D001","M001","C000A","09.6","       -27.4","        16.3","-43.6","-11.1"," "
"T1","D001","M001","C000A","09.6.00","       -27.4","        16.3","-43.6","-11.1"," "
"T1","D001","M001","C000A","09.9","       -79.1","        17.9","-97.1","-61.2"," "
"T1","D001","M001","C000A","09.9.00","       -79.1","        17.9","-97.1","-61.2"," "
"T1","D001","M001","C000A","09","         2.2","         9.9","-7.7","12"," "
"T1","D001","M001","C000A","10.1","        -8.3","        27.5","-35.8","19.1"," "
"T1","D001","M001","C000A","10.1.00","        -8.3","        27.5","-35.8","19.1"," "
"T1","D001","M001","C000A","10.2","        51.9","        72.0","-20.1","123.9"," "
"T1","D001","M001","C000A","10.2.00","        51.9","        72.0","-20.1","123.9"," "
"T1","D001","M001","C000A","10.3","        -6.2","        56.0","-62.2","49.8"," "
"T1","D001","M001","C000A","10.3.00","        -6.2","        56.0","-62.2","49.8"," "
"T1","D001","M001","C000A","10.4","       -36.9","        65.7","-102.6","28.8"," "
"T1","D001","M001","C000A","10.4.00","       -36.9","        65.7","-102.6","28.8"," "
"T1","D001","M001","C000A","10","         1.9","        27.5","-25.6","29.4"," "
"T1","D001","M001","C000A","11.1","        19.2","        16.8","2.4","36"," "
"T1","D001","M001","C000A","11.1.01","        23.8","        33.2","-9.4","57.1"," "
"T1","D001","M001","C000A","11.1.02","        22.4","       120.9","-98.6","143.3"," "
"T1","D001","M001","C000A","11.1.03","        15.0","        12.7","2.3","27.7"," "
"T1","D001","M001","C000A","11.3","        28.1","        22.9","5.2","50.9"," "
"T1","D001","M001","C000A","11.3.01","        55.8","        88.8","-33","144.5"," "
"T1","D001","M001","C000A","11.3.02","        22.6","        21.6","1","44.1"," "
"T1","D001","M001","C000A","11.4","        22.9","         7.0","15.9","29.9"," "
"T1","D001","M001","C000A","11.4.01","        17.4","        16.5","0.9","33.9"," "
"T1","D001","M001","C000A","11.4.02","        46.3","        28.5","17.8","74.9"," "
"T1","D001","M001","C000A","11.4.03","        12.0","        19.8","-7.8","31.8"," "
"T1","D001","M001","C000A","11.4.04","        42.1","        23.2","18.9","65.3"," "
"T1","D001","M001","C000A","11.4.05","        20.6","         9.1","11.5","29.7"," "
"T1","D001","M001","C000A","11.4.06","        15.5","         9.9","5.7","25.4"," "
"T1","D001","M001","C000A","11.4.07","        -8.4","        17.3","-25.7","8.8"," "
"T1","D001","M001","C000A","11.5","        38.2","        33.9","4.4","72.1"," "
"T1","D001","M001","C000A","11.5.01","        38.8","        34.0","4.9","72.8"," "
"T1","D001","M001","C000A","11.5.02"," "," "," "," ","S"
"T1","D001","M001","C000A","11.6","        -2.0","        40.0","-42","37.9"," "
"T1","D001","M001","C000A","11.6.01","        20.6","        37.0","-16.3","57.6"," "
"T1","D001","M001","C000A","11.6.02","       -37.8","        51.6","-89.4","13.9"," "
"T1","D001","M001","C000A","11.6.03"," "," "," "," ","S"
"T1","D001","M001","C000A","11.6.04","        23.2","        69.6","-46.5","92.8"," "
"T1","D001","M001","C000A","11","        21.6","         7.6","14","29.2"," "
"T1","D001","M001","C000A","13.1","        17.0","        12.2","4.8","29.2"," "
"T1","D001","M001","C000A","13.1.01","        18.3","        13.4","4.9","31.6"," "
"T1","D001","M001","C000A","13.1.02","        26.5","        47.3","-20.8","73.8"," "
"T1","D001","M001","C000A","13.1.03","       -62.9","        18.0","-80.9","-44.9"," "
"T1","D001","M001","C000A","13.1.04","       -23.0","        19.7","-42.7","-3.3"," "
"T1","D001","M001","C000A","13.2","        63.8","        15.6","48.2","79.4"," "
"T1","D001","M001","C000A","13.2.00","        63.8","        15.6","48.2","79.4"," "
"T1","D001","M001","C000A","13.3","        56.4","        82.4","-26","138.9"," "
"T1","D001","M001","C000A","13.3.00","        56.4","        82.4","-26","138.9"," "
"T1","D001","M001","C000A","13.4","        27.3","       115.7","-88.4","143"," "
"T1","D001","M001","C000A","13.4.00","        27.3","       115.7","-88.4","143"," "
"T1","D001","M001","C000A","13","        31.4","        10.1","21.4","41.5"," "
"T1","D001","M001","C000A","14","        -3.7","        33.1","-36.9","29.4"," "
"T1","D001","M001","C000A","Net","        18.4","         4.3","14.1","22.6"," "
"T2","2023","M001","C001A","01","      338.60","5.7","      319.40","      357.80"," "
"T2","2023","M001","C001A","02","       25.90","18.2","       21.20","       30.60"," "
"T2","2023","M001","C001A","03","       50.80","19.5","       40.90","       60.60"," "
"T2","2023","M001","C001A","04","      467.80","7.1","      434.50","      501.20"," "
"T2","2023","M001","C001A","05","       56.90","14.3","       48.80","       65.10"," "
"T2","2023","M001","C001A","06","       50.70","17.2","       41.90","       59.40"," "
"T2","2023","M001","C001A","07","      294.80","13.2","      255.90","      333.70"," "
"T2","2023","M001","C001A","08","       38.10","6.9","       35.50","       40.70"," "
"T2","2023","M001","C001A","09","      141.10","11.9","      124.30","      158.00"," "
"T2","2023","M001","C001A","10","       29.80","28.8","       21.20","       38.40"," "
"T2","2023","M001","C001A","11","      140.10","7.9","      129.10","      151.10"," "
"T2","2023","M001","C001A","13","      218.10","12.5","      190.90","      245.30"," "
"T2","2023","M001","C001A","14","      -30.20","30.5","      -39.40","      -21.00"," "
"T2","2023","M001","C001A","Gross","    1852.70","5.1","    1757.80","    1947.50"," "
"T2","2023","M001","C001A","Net","    1822.50","5.0","    1730.50","    1914.40"," "
"T2","2023","M001","C001B","01","      328.00","6.7","      306.20","      349.90"," "
"T2","2023","M001","C001B","02","       36.30","20.9","       28.70","       43.80"," "
"T2","2023","M001","C001B","03","       55.00","21.8","       43.00","       67.00"," "
"T2","2023","M001","C001B","04","      457.00","13.6","      394.70","      519.30"," "
"T2","2023","M001","C001B","05","       66.50","17.4","       55.00","       78.10"," "
"T2","2023","M001","C001B","06","       66.70","39.7","       40.20","       93.10"," "
"T2","2023","M001","C001B","07","      282.20","16.0","      237.20","      327.30"," "
"T2","2023","M001","C001B","08","       45.10","9.7","       40.70","       49.40"," "
"T2","2023","M001","C001B","09","      157.40","14.7","      134.30","      180.40"," "
"T2","2023","M001","C001B","10","       18.40","29.1","       13.00","       23.70"," "
"T2","2023","M001","C001B","11","      156.10","9.7","      141.00","      171.20"," "
"T2","2023","M001","C001B","13","      202.50","15.5","      171.20","      233.90"," "
"T2","2023","M001","C001B","14","      -55.50","55.1","      -86.10","      -24.90"," "
"T2","2023","M001","C001B","Gross","    1871.10","7.7","    1727.30","    2014.90"," "
"T2","2023","M001","C001B","Net","    1815.60","7.7","    1676.40","    1954.80"," "
"T2","2023","M001","C001C","01","      273.70","4.5","      261.40","      286.10"," "
"T2","2023","M001","C001C","02","       29.80","13.2","       25.90","       33.80"," "
"T2","2023","M001","C001C","03","       34.80","17.6","       28.70","       41.00"," "
"T2","2023","M001","C001C","04","      338.30","6.4","      316.60","      360.00"," "
"T2","2023","M001","C001C","05","       53.00","11.2","       47.10","       58.90"," "
"T2","2023","M001","C001C","06","       47.10","19.4","       38.00","       56.30"," "
"T2","2023","M001","C001C","07","      210.10","11.4","      186.10","      234.10"," "
"T2","2023","M001","C001C","08","       37.90","4.9","       36.00","       39.80"," "
"T2","2023","M001","C001C","09","      113.90","9.1","      103.50","      124.20"," "
"T2","2023","M001","C001C","10","       12.20","28.5","        8.70","       15.70"," "
"T2","2023","M001","C001C","11","      133.70","8.1","      123.00","      144.50"," "
"T2","2023","M001","C001C","13","      146.00","10.4","      130.90","      161.20"," "
"T2","2023","M001","C001C","14","      -36.40","27.7","      -46.50","      -26.30"," "
"T2","2023","M001","C001C","Gross","    1430.70","4.7","    1362.90","    1498.40"," "
"T2","2023","M001","C001C","Net","    1394.30","4.9","    1326.40","    1462.20"," "
"T2","2023","M001","C001D","01","      283.40","6.0","      266.40","      300.50"," "
"T2","2023","M001","C001D","02","       32.70","18.0","       26.80","       38.50"," "
"T2","2023","M001","C001D","03","       44.70","20.1","       35.70","       53.80"," "
"T2","2023","M001","C001D","04","      395.20","16.2","      331.10","      459.30"," "
"T2","2023","M001","C001D","05","       65.30","25.3","       48.80","       81.90"," "
"T2","2023","M001","C001D","06","       53.70","20.2","       42.90","       64.50"," "
"T2","2023","M001","C001D","07","      269.00","15.2","      228.10","      309.90"," "
"T2","2023","M001","C001D","08","       40.20","12.3","       35.30","       45.10"," "
"T2","2023","M001","C001D","09","      148.20","22.2","      115.30","      181.20"," "
"T2","2023","M001","C001D","10","       24.90","58.7","       10.30","       39.50"," "
"T2","2023","M001","C001D","11","      147.90","8.4","      135.50","      160.40"," "
"T2","2023","M001","C001D","13","      164.00","13.2","      142.40","      185.60"," "
"T2","2023","M001","C001D","14","      -51.30","33.9","      -68.70","      -34.00"," "
"T2","2023","M001","C001D","Gross","    1669.20","7.2","    1548.30","    1790.10"," "
"T2","2023","M001","C001D","Net","    1617.90","7.3","    1499.30","    1736.50"," "
"T2","2023","M001","C001E","01","      268.60","7.1","      249.60","      287.50"," "
"T2","2023","M001","C001E","02","       42.00","17.6","       34.60","       49.40"," "
"T2","2023","M001","C001E","03","       31.90","24.9","       24.00","       39.80"," "
"T2","2023","M001","C001E","04","      345.50","13.2","      299.90","      391.10"," "
"T2","2023","M001","C001E","05","       51.50","23.7","       39.30","       63.70"," "
"T2","2023","M001","C001E","06","       34.30","29.0","       24.30","       44.20"," "
"T2","2023","M001","C001E","07","      216.40","15.0","      183.90","      248.80"," "
"T2","2023","M001","C001E","08","       38.80","8.5","       35.50","       42.10"," "
"T2","2023","M001","C001E","09","      128.40","14.7","      109.50","      147.20"," "
"T2","2023","M001","C001E","10","       13.30","50.1","        6.70","       20.00"," "
"T2","2023","M001","C001E","11","      124.20","17.0","      103.10","      145.30"," "
"T2","2023","M001","C001E","13","      144.40","19.9","      115.70","      173.10"," "
"T2","2023","M001","C001E","14","      -38.60","38.1","      -53.30","      -23.90"," "
"T2","2023","M001","C001E","Gross","    1439.20","6.9","    1340.30","    1538.10"," "
"T2","2023","M001","C001E","Net","    1400.60","6.9","    1304.30","    1497.00"," "
"T2","2023","M001","C001F","01","      299.50","2.9","      290.70","      308.30"," "
"T2","2023","M001","C001F","02","       31.20","7.3","       28.90","       33.50"," "
"T2","2023","M001","C001F","03","       42.70","9.7","       38.60","       46.80"," "
"T2","2023","M001","C001F","04","      398.00","4.3","      380.80","      415.20"," "
"T2","2023","M001","C001F","05","       57.10","7.4","       52.90","       61.40"," "
"T2","2023","M001","C001F","06","       49.70","10.4","       44.50","       54.80"," "
"T2","2023","M001","C001F","07","      251.60","6.4","      235.50","      267.80"," "
"T2","2023","M001","C001F","08","       39.20","3.5","       37.80","       40.50"," "
"T2","2023","M001","C001F","09","      133.00","6.0","      125.00","      141.00"," "
"T2","2023","M001","C001F","10","       19.90","17.7","       16.40","       23.40"," "
"T2","2023","M001","C001F","11","      138.80","4.2","      133.00","      144.70"," "
"T2","2023","M001","C001F","13","      175.70","5.3","      166.40","      185.00"," "
"T2","2023","M001","C001F","14","      -38.90","15.3","      -44.90","      -33.00"," "
"T2","2023","M001","C001F","Gross","    1636.40","2.6","    1594.10","    1678.80"," "
"T2","2023","M001","C001F","Net","    1597.50","2.6","    1556.00","    1639.00"," "
"T3","2023","M002","C002A","01","  20441.565","3.2","  19785.604","  21097.526"," "
"T3","2023","M002","C002B","01"," "," "," "," ","S"
"T3","2023","M002","C002C","01","       0.974","93.6","       0.062","       1.887"," "
"T3","2023","M002","C002D","01"," "," "," "," ","S"
"T3","2023","M002","C002E","01","       9.576","46.8","       5.096","      14.057"," "
"T3","2023","M002","C002F","01","      16.018","53.6","       7.436","      24.600"," "
"T3","2023","M002","C002G","01","     242.211","22.3","     188.123","     296.299"," "
"T3","2023","M002","C002H","01","       5.963","80.4","       1.171","      10.755"," "
"T3","2023","M002","C002I","01","       6.027","150.5","      -3.043","      15.096"," "
"T3","2023","M002","C002J","01","     238.455","14.8","     203.247","     273.663"," "
"T3","2023","M002","C002K","01","      32.019","79.1","       6.687","      57.352"," "
"T3","2023","M002","C002L","01","   7734.300","4.8","   7360.342","   8108.258"," "
"T3","2023","M002","C002M","01","     130.804","37.7","      81.473","     180.135"," "
"T3","2023","M002","C002N","01","   1051.907","14.0","     904.598","   1199.216"," "
"T3","2023","M002","C002O","01","     579.352","25.8","     430.032","     728.672"," "
"T3","2023","M002","C002P","01","  30492.771","2.9","  29597.390","  31388.153"," "
"T3","2023","M002","C002A","02","   2261.242","8.7","   2064.807","   2457.676"," "
"T3","2023","M002","C002B","02"," "," "," "," ","S"
"T3","2023","M002","C002C","02"," "," "," "," ","S"
"T3","2023","M002","C002D","02"," "," "," "," ","S"
"T3","2023","M002","C002E","02"," "," "," "," ","S"
"T3","2023","M002","C002F","02"," "," "," "," ","S"
"T3","2023","M002","C002G","02","       4.180","104.6","      -0.194","       8.554"," "
"T3","2023","M002","C002H","02"," "," "," "," ","S"
"T3","2023","M002","C002I","02"," "," "," "," ","S"
"T3","2023","M002","C002J","02","     156.684","30.5","     108.861","     204.506"," "
"T3","2023","M002","C002K","02","     143.449","26.2","     105.932","     180.967"," "
"T3","2023","M002","C002L","02","     472.287","17.1","     391.749","     552.824"," "
"T3","2023","M002","C002M","02","      30.269","106.3","      -1.896","      62.433"," "
"T3","2023","M002","C002N","02","      59.006","36.8","      37.312","      80.700"," "
"T3","2023","M002","C002O","02","      46.726","68.9","      14.547","      78.905"," "
"T3","2023","M002","C002P","02","   3174.955","7.3","   2941.700","   3408.211"," "
"T3","2023","M002","C002A","03","      24.365","76.3","       5.780","      42.949"," "
"T3","2023","M002","C002B","03","   1965.549","14.2","   1686.451","   2244.647"," "
"T3","2023","M002","C002C","03","      73.904","35.5","      47.636","     100.173"," "
"T3","2023","M002","C002D","03"," "," "," "," ","S"
"T3","2023","M002","C002E","03","      15.645","91.1","       1.389","      29.901"," "
"T3","2023","M002","C002F","03","       3.028","85.5","       0.438","       5.617"," "
"T3","2023","M002","C002G","03","     861.969","16.5","     719.882","   1004.057"," "
"T3","2023","M002","C002H","03","     460.843","28.7","     328.503","     593.182"," "
"T3","2023","M002","C002I","03"," "," "," "," ","S"
"T3","2023","M002","C002J","03"," "," "," "," ","S"
"T3","2023","M002","C002K","03","     141.474","29.0","     100.426","     182.522"," "
"T3","2023","M002","C002L","03"," "," "," "," ","S"
"T3","2023","M002","C002M","03","      27.137","134.0","      -9.218","      63.491"," "
"T3","2023","M002","C002N","03","     310.563","30.5","     215.990","     405.135"," "
"T3","2023","M002","C002O","03","     451.809","24.1","     343.041","     560.577"," "
"T3","2023","M002","C002P","03","   4348.818","9.7","   3928.113","   4769.523"," "
"T3","2023","M002","C002A","04","       4.684","60.7","       1.842","       7.526"," "
"T3","2023","M002","C002B","04"," "," "," "," ","S"
"T3","2023","M002","C002C","04","      30.898","104.3","      -1.320","      63.117"," "
"T3","2023","M002","C002D","04","      12.264","78.9","       2.591","      21.938"," "
"T3","2023","M002","C002E","04","     853.426","24.2","     646.667","   1060.185"," "
"T3","2023","M002","C002F","04"," "," "," "," ","S"
"T3","2023","M002","C002G","04","       7.900","57.5","       3.359","      12.440"," "
"T3","2023","M002","C002H","04"," "," "," "," ","S"
"T3","2023","M002","C002I","04","       8.248","78.5","       1.771","      14.726"," "
"T3","2023","M002","C002J","04"," "," "," "," ","S"
"T3","2023","M002","C002K","04","       5.236","72.6","       1.433","       9.040"," "
"T3","2023","M002","C002L","04"," "," "," "," ","S"
"T3","2023","M002","C002M","04","     181.351","33.9","     119.906","     242.795"," "
"T3","2023","M002","C002N","04","      22.936","66.5","       7.675","      38.197"," "
"T3","2023","M002","C002O","04","  39391.784","4.4","  37667.549","  41116.018"," "
"T3","2023","M002","C002P","04","  40519.500","4.3","  38764.690","  42274.310"," "
"T3","2023","M002","C002A","05","     654.363","8.3","     600.283","     708.443"," "
"T3","2023","M002","C002B","05","      27.593","60.3","      10.948","      44.239"," "
"T3","2023","M002","C002C","05","   1259.506","16.5","   1051.799","   1467.212"," "
"T3","2023","M002","C002D","05","     698.423","18.8","     567.020","     829.826"," "
"T3","2023","M002","C002E","05","     733.375","18.7","     596.073","     870.677"," "
"T3","2023","M002","C002F","05","       8.277","64.6","       2.926","      13.629"," "
"T3","2023","M002","C002G","05","   1183.411","12.2","   1038.670","   1328.151"," "
"T3","2023","M002","C002H","05","      24.700","72.4","       6.819","      42.580"," "
"T3","2023","M002","C002I","05","      26.722","48.2","      13.833","      39.611"," "
"T3","2023","M002","C002J","05"," "," "," "," ","S"
"T3","2023","M002","C002K","05","     112.467","33.5","      74.765","     150.168"," "
"T3","2023","M002","C002L","05","       6.080","114.7","      -0.895","      13.055"," "
"T3","2023","M002","C002M","05","     120.215","45.1","      66.031","     174.398"," "
"T3","2023","M002","C002N","05","     332.166","16.4","     277.545","     386.787"," "
"T3","2023","M002","C002O","05","     625.676","16.4","     523.001","     728.350"," "
"T3","2023","M002","C002P","05","   5815.218","7.4","   5383.032","   6247.404"," "
"T3","2023","M002","C002A","06","     257.246","17.8","     211.572","     302.920"," "
"T3","2023","M002","C002B","06"," "," "," "," ","S"
"T3","2023","M002","C002C","06"," "," "," "," ","S"
"T3","2023","M002","C002D","06"," "," "," "," ","S"
"T3","2023","M002","C002E","06","       4.633","81.4","       0.861","       8.405"," "
"T3","2023","M002","C002F","06","     708.833","14.2","     607.950","     809.717"," "
"T3","2023","M002","C002G","06","      14.871","54.1","       6.832","      22.909"," "
"T3","2023","M002","C002H","06","      20.006","90.0","       2.001","      38.011"," "
"T3","2023","M002","C002I","06"," "," "," "," ","S"
"T3","2023","M002","C002J","06"," "," "," "," ","S"
"T3","2023","M002","C002K","06"," "," "," "," ","S"
"T3","2023","M002","C002L","06"," "," "," "," ","S"
"T3","2023","M002","C002M","06","      49.912","66.7","      16.599","      83.226"," "
"T3","2023","M002","C002N","06","      89.610","54.7","      40.552","     138.667"," "
"T3","2023","M002","C002O","06","   3906.693","12.5","   3417.954","   4395.433"," "
"T3","2023","M002","C002P","06","   5058.156","10.4","   4533.416","   5582.895"," "
"T3","2023","M002","C002A","07","      73.180","37.8","      45.535","     100.825"," "
"T3","2023","M002","C002B","07"," "," "," "," ","S"
"T3","2023","M002","C002C","07"," "," "," "," ","S"
"T3","2023","M002","C002D","07","      19.602","125.4","      -4.979","      44.183"," "
"T3","2023","M002","C002E","07","      12.124","48.7","       6.225","      18.023"," "
"T3","2023","M002","C002F","07"," "," "," "," ","S"
"T3","2023","M002","C002G","07","      15.550","112.8","      -1.986","      33.086"," "
"T3","2023","M002","C002H","07","     166.101","44.0","      93.033","     239.168"," "
"T3","2023","M002","C002I","07","   6375.681","16.0","   5356.270","   7395.092"," "
"T3","2023","M002","C002J","07","   6137.831","6.0","   5772.026","   6503.635"," "
"T3","2023","M002","C002K","07","      11.696","136.1","      -4.224","      27.616"," "
"T3","2023","M002","C002L","07"," "," "," "," ","S"
"T3","2023","M002","C002M","07","     312.279","57.6","     132.460","     492.099"," "
"T3","2023","M002","C002N","07","   2116.556","20.3","   1686.499","   2546.612"," "
"T3","2023","M002","C002O","07","  10341.712","9.8","   9323.799","  11359.624"," "
"T3","2023","M002","C002P","07","  25619.749","6.4","  23978.761","  27260.737"," "
"T3","2023","M002","C002A","08","      30.143","43.2","      17.133","      43.154"," "
"T3","2023","M002","C002B","08"," "," "," "," ","S"
"T3","2023","M002","C002C","08"," "," "," "," ","S"
"T3","2023","M002","C002D","08","     524.213","9.7","     473.226","     575.200"," "
"T3","2023","M002","C002E","08"," "," "," "," ","S"
"T3","2023","M002","C002F","08","       9.046","126.9","      -2.435","      20.527"," "
"T3","2023","M002","C002G","08","      31.685","30.4","      22.053","      41.316"," "
"T3","2023","M002","C002H","08","       3.597","65.5","       1.242","       5.952"," "
"T3","2023","M002","C002I","08"," "," "," "," ","S"
"T3","2023","M002","C002J","08","       4.738","75.1","       1.180","       8.295"," "
"T3","2023","M002","C002K","08","       2.447","112.9","      -0.316","       5.209"," "
"T3","2023","M002","C002L","08"," "," "," "," ","S"
"T3","2023","M002","C002M","08","       8.387","71.8","       2.362","      14.412"," "
"T3","2023","M002","C002N","08","     116.112","24.3","      87.937","     144.287"," "
"T3","2023","M002","C002O","08","   3255.585","3.9","   3127.930","   3383.241"," "
"T3","2023","M002","C002P","08","   3987.209","3.5","   3846.884","   4127.535"," "
"T3","2023","M002","C002A","09","     620.144","7.7","     572.154","     668.135"," "
"T3","2023","M002","C002B","09","      11.819","82.7","       2.041","      21.596"," "
"T3","2023","M002","C002C","09","      40.519","38.6","      24.894","      56.144"," "
"T3","2023","M002","C002D","09","     633.750","17.7","     521.792","     745.709"," "
"T3","2023","M002","C002E","09","     639.204","23.5","     488.787","     789.621"," "
"T3","2023","M002","C002F","09","       2.459","93.7","       0.156","       4.761"," "
"T3","2023","M002","C002G","09","     653.311","11.4","     578.653","     727.968"," "
"T3","2023","M002","C002H","09","     845.766","17.0","     702.307","     989.225"," "
"T3","2023","M002","C002I","09","     457.397","98.2","       8.075","     906.718"," "
"T3","2023","M002","C002J","09","       4.247","65.9","       1.449","       7.045"," "
"T3","2023","M002","C002K","09","     852.911","15.0","     724.730","     981.091"," "
"T3","2023","M002","C002L","09","      10.238","99.4","       0.060","      20.417"," "
"T3","2023","M002","C002M","09","      86.490","44.5","      47.983","     124.997"," "
"T3","2023","M002","C002N","09","   1020.018","26.7","     747.678","   1292.358"," "
"T3","2023","M002","C002O","09","   7662.447","7.7","   7069.096","   8255.797"," "
"T3","2023","M002","C002P","09","  13540.719","6.0","  12729.111","  14352.328"," "
"T3","2023","M002","C002A","10"," "," "," "," ","S"
"T3","2023","M002","C002B","10"," "," "," "," ","S"
"T3","2023","M002","C002C","10"," "," "," "," ","S"
"T3","2023","M002","C002D","10"," "," "," "," ","S"
"T3","2023","M002","C002E","10"," "," "," "," ","S"
"T3","2023","M002","C002F","10"," "," "," "," ","S"
"T3","2023","M002","C002G","10"," "," "," "," ","S"
"T3","2023","M002","C002H","10"," "," "," "," ","S"
"T3","2023","M002","C002I","10"," "," "," "," ","S"
"T3","2023","M002","C002J","10"," "," "," "," ","S"
"T3","2023","M002","C002K","10"," "," "," "," ","S"
"T3","2023","M002","C002L","10"," "," "," "," ","S"
"T3","2023","M002","C002M","10"," "," "," "," ","S"
"T3","2023","M002","C002N","10"," "," "," "," ","S"
"T3","2023","M002","C002O","10","   2027.680","17.7","   1669.250","   2386.110"," "
"T3","2023","M002","C002P","10","   2027.680","17.7","   1669.250","   2386.110"," "
"T3","2023","M002","C002A","11","     935.396","7.5","     865.665","   1005.127"," "
"T3","2023","M002","C002B","11","     312.489","28.7","     222.934","     402.044"," "
"T3","2023","M002","C002C","11","      34.197","45.7","      18.577","      49.817"," "
"T3","2023","M002","C002D","11","      51.488","74.9","      12.902","      90.073"," "
"T3","2023","M002","C002E","11","      63.164","62.4","      23.734","     102.593"," "
"T3","2023","M002","C002F","11","     526.295","14.4","     450.519","     602.071"," "
"T3","2023","M002","C002G","11","     557.494","18.5","     454.428","     660.559"," "
"T3","2023","M002","C002H","11","      95.557","44.5","      53.042","     138.072"," "
"T3","2023","M002","C002I","11","      25.508","84.2","       4.027","      46.988"," "
"T3","2023","M002","C002J","11","      32.828","46.2","      17.661","      47.996"," "
"T3","2023","M002","C002K","11","     126.514","24.5","      95.534","     157.493"," "
"T3","2023","M002","C002L","11","      27.655","65.5","       9.535","      45.775"," "
"T3","2023","M002","C002M","11","      24.599","117.7","      -4.365","      53.562"," "
"T3","2023","M002","C002N","11","     280.104","35.7","     180.050","     380.157"," "
"T3","2023","M002","C002O","11","  11042.384","4.9","  10497.721","  11587.047"," "
"T3","2023","M002","C002P","11","  14135.671","4.2","  13543.102","  14728.239"," "
"T3","2023","M002","C002A","13"," "," "," "," ","S"
"T3","2023","M002","C002B","13"," "," "," "," ","S"
"T3","2023","M002","C002C","13"," "," "," "," ","S"
"T3","2023","M002","C002D","13"," "," "," "," ","S"
"T3","2023","M002","C002E","13"," "," "," "," ","S"
"T3","2023","M002","C002F","13"," "," "," "," ","S"
"T3","2023","M002","C002G","13"," "," "," "," ","S"
"T3","2023","M002","C002H","13"," "," "," "," ","S"
"T3","2023","M002","C002I","13"," "," "," "," ","S"
"T3","2023","M002","C002J","13"," "," "," "," ","S"
"T3","2023","M002","C002K","13"," "," "," "," ","S"
"T3","2023","M002","C002L","13"," "," "," "," ","S"
"T3","2023","M002","C002M","13"," "," "," "," ","S"
"T3","2023","M002","C002N","13"," "," "," "," ","S"
"T3","2023","M002","C002O","13","  17885.823","5.3","  16939.915","  18831.730"," "
"T3","2023","M002","C002P","13","  17885.823","5.3","  16939.915","  18831.730"," "
"T3","2023","M002","C002A","14"," "," "," "," ","S"
"T3","2023","M002","C002B","14"," "," "," "," ","S"
"T3","2023","M002","C002C","14"," "," "," "," ","S"
"T3","2023","M002","C002D","14","      -3.614","88.7","      -6.818","      -0.409"," "
"T3","2023","M002","C002E","14"," "," "," "," ","S"
"T3","2023","M002","C002F","14"," "," "," "," ","S"
"T3","2023","M002","C002G","14"," "," "," "," ","S"
"T3","2023","M002","C002H","14"," "," "," "," ","S"
"T3","2023","M002","C002I","14","    -730.812","35.7","    -991.544","    -470.081"," "
"T3","2023","M002","C002J","14"," "," "," "," ","S"
"T3","2023","M002","C002K","14"," "," "," "," ","S"
"T3","2023","M002","C002L","14"," "," "," "," ","S"
"T3","2023","M002","C002M","14","     -33.251","109.7","     -69.745","       3.242"," "
"T3","2023","M002","C002N","14","     -37.007","116.8","     -80.225","       6.212"," "
"T3","2023","M002","C002O","14","  -3152.112","18.2","  -3724.704","  -2579.521"," "
"T3","2023","M002","C002P","14","  -3962.129","15.3","  -4567.391","  -3356.867"," "
"T3","2023","M002","C002A","Net","  25302.328","3.2","  24501.639","  26103.016"," "
"T3","2023","M002","C002B","Net","   2319.927","13.3","   2010.640","   2629.215"," "
"T3","2023","M002","C002C","Net","   1472.935","15.6","   1243.633","   1702.237"," "
"T3","2023","M002","C002D","Net","   1941.079","9.7","   1753.061","   2129.096"," "
"T3","2023","M002","C002E","Net","   2331.378","14.6","   1991.140","   2671.616"," "
"T3","2023","M002","C002F","Net","   1275.803","10.4","   1142.530","   1409.076"," "
"T3","2023","M002","C002G","Net","   3572.580","7.8","   3294.361","   3850.800"," "
"T3","2023","M002","C002H","Net","   1622.601","14.8","   1382.363","   1862.839"," "
"T3","2023","M002","C002I","Net","   6171.409","17.7","   5080.994","   7261.824"," "
"T3","2023","M002","C002J","Net","   6577.169","5.8","   6193.611","   6960.728"," "
"T3","2023","M002","C002K","Net","   1426.055","10.5","   1276.960","   1575.151"," "
"T3","2023","M002","C002L","Net","   8265.158","4.9","   7858.015","   8672.300"," "
"T3","2023","M002","C002M","Net","     938.191","19.7","     753.308","   1123.074"," "
"T3","2023","M002","C002N","Net","   5361.970","9.9","   4833.697","   5890.243"," "
"T3","2023","M002","C002O","Net","  94065.557","3.4","  90873.806","  97257.307"," "
"T3","2023","M002","C002P","Net"," 162644.140","2.6"," 158416.564"," 166871.717"," "
"T4","2023","M001","C003A","01","      132.40","   7.0","      123.20","      141.60"," "
"T4","2023","M001","C003B","01","      270.20","   4.0","      259.50","      280.90"," "
"T4","2023","M001","C003C","01","      364.30","   5.7","      343.50","      385.10"," "
"T4","2023","M001","C003D","01","      437.30","   6.0","      411.00","      463.60"," "
"T4","2023","M001","C003E","01","      475.70","   8.9","      433.50","      518.00"," "
"T4","2023","M001","C003F","01","      299.50","   2.9","      290.70","      308.30"," "
"T4","2023","M001","C003A","02","       17.70","  19.5","       14.20","       21.10"," "
"T4","2023","M001","C003B","02","       37.20","  12.2","       32.70","       41.80"," "
"T4","2023","M001","C003C","02","       35.40","  19.9","       28.40","       42.40"," "
"T4","2023","M001","C003D","02","       37.00","  20.8","       29.30","       44.70"," "
"T4","2023","M001","C003E","02","       27.50","  21.1","       21.70","       33.30"," "
"T4","2023","M001","C003F","02","       31.20","   7.3","       28.90","       33.50"," "
"T4","2023","M001","C003A","03","       14.30","  34.6","        9.40","       19.30"," "
"T4","2023","M001","C003B","03","       33.30","  18.2","       27.20","       39.40"," "
"T4","2023","M001","C003C","03","       56.60","  18.7","       46.00","       67.20"," "
"T4","2023","M001","C003D","03","       70.20","  15.5","       59.30","       81.10"," "
"T4","2023","M001","C003E","03","       76.00","  30.5","       52.80","       99.20"," "
"T4","2023","M001","C003F","03","       42.70","   9.7","       38.60","       46.80"," "
"T4","2023","M001","C003A","04","      263.40","   7.5","      243.80","      283.00"," "
"T4","2023","M001","C003B","04","      373.50","   8.4","      342.10","      404.90"," "
"T4","2023","M001","C003C","04","      418.50","   6.8","      390.00","      447.10"," "
"T4","2023","M001","C003D","04","      547.90","  10.1","      492.50","      603.30"," "
"T4","2023","M001","C003E","04","      538.30","   9.7","      486.30","      590.30"," "
"T4","2023","M001","C003F","04","      398.00","   4.3","      380.80","      415.20"," "
"T4","2023","M001","C003A","05","       34.10","  16.1","       28.60","       39.60"," "
"T4","2023","M001","C003B","05","       65.30","  13.3","       56.60","       74.00"," "
"T4","2023","M001","C003C","05","       60.80","  13.3","       52.60","       68.90"," "
"T4","2023","M001","C003D","05","       69.40","  15.3","       58.80","       80.00"," "
"T4","2023","M001","C003E","05","       60.20","  22.1","       46.90","       73.50"," "
"T4","2023","M001","C003F","05","       57.10","   7.4","       52.90","       61.40"," "
"T4","2023","M001","C003A","06","       26.60","  24.3","       20.10","       33.00"," "
"T4","2023","M001","C003B","06","       55.40","  15.9","       46.60","       64.20"," "
"T4","2023","M001","C003C","06","       60.10","  16.9","       50.00","       70.20"," "
"T4","2023","M001","C003D","06","       50.70","  19.1","       41.00","       60.40"," "
"T4","2023","M001","C003E","06","       66.80","  43.5","       37.70","       95.90"," "
"T4","2023","M001","C003F","06","       49.70","  10.4","       44.50","       54.80"," "
"T4","2023","M001","C003A","07","      107.90","  12.7","       94.20","      121.70"," "
"T4","2023","M001","C003B","07","      253.60","  12.7","      221.30","      285.80"," "
"T4","2023","M001","C003C","07","      312.50","  14.3","      267.80","      357.30"," "
"T4","2023","M001","C003D","07","      369.80","  15.1","      314.10","      425.60"," "
"T4","2023","M001","C003E","07","      303.90","  21.3","      239.30","      368.60"," "
"T4","2023","M001","C003F","07","      251.60","   6.4","      235.50","      267.80"," "
"T4","2023","M001","C003A","08","       26.20","   7.0","       24.30","       28.00"," "
"T4","2023","M001","C003B","08","       38.20","   5.3","       36.20","       40.20"," "
"T4","2023","M001","C003C","08","       44.90","   8.0","       41.30","       48.50"," "
"T4","2023","M001","C003D","08","       49.50","   9.1","       45.00","       54.00"," "
"T4","2023","M001","C003E","08","       47.80","   8.4","       43.80","       51.80"," "
"T4","2023","M001","C003F","08","       39.20","   3.5","       37.80","       40.50"," "
"T4","2023","M001","C003A","09","       61.90","  15.9","       52.00","       71.70"," "
"T4","2023","M001","C003B","09","      144.70","  13.6","      125.00","      164.30"," "
"T4","2023","M001","C003C","09","      142.00","  11.3","      125.90","      158.00"," "
"T4","2023","M001","C003D","09","      177.60","  10.9","      158.30","      197.00"," "
"T4","2023","M001","C003E","09","      182.00","  16.6","      151.90","      212.20"," "
"T4","2023","M001","C003F","09","      133.00","   6.0","      125.00","      141.00"," "
"T4","2023","M001","C003A","10","        1.50"," 104.9","       -0.10","        3.00"," "
"T4","2023","M001","C003B","10","        8.50","  52.4","        4.00","       12.90"," "
"T4","2023","M001","C003C","10","       33.80","  31.1","       23.30","       44.30"," "
"T4","2023","M001","C003D","10","       35.30","  25.1","       26.40","       44.10"," "
"T4","2023","M001","C003E","10","       54.60","  36.1","       34.90","       74.40"," "
"T4","2023","M001","C003F","10","       19.90","  17.7","       16.40","       23.40"," "
"T4","2023","M001","C003A","11","       72.70","   7.9","       66.90","       78.40"," "
"T4","2023","M001","C003B","11","      147.80","   5.9","      139.00","      156.60"," "
"T4","2023","M001","C003C","11","      149.90","   9.4","      135.90","      164.00"," "
"T4","2023","M001","C003D","11","      177.90","   7.7","      164.30","      191.50"," "
"T4","2023","M001","C003E","11","      189.90","  17.8","      156.00","      223.70"," "
"T4","2023","M001","C003F","11","      138.80","   4.2","      133.00","      144.70"," "
"T4","2023","M001","C003A","13","       74.80","  20.6","       59.40","       90.20"," "
"T4","2023","M001","C003B","13","      141.90","   9.7","      128.20","      155.70"," "
"T4","2023","M001","C003C","13","      234.30","  14.1","      201.20","      267.40"," "
"T4","2023","M001","C003D","13","      277.50","  11.1","      246.70","      308.30"," "
"T4","2023","M001","C003E","13","      272.20","  19.8","      218.20","      326.20"," "
"T4","2023","M001","C003F","13","      175.70","   5.3","      166.40","      185.00"," "
"T4","2023","M001","C003A","14","      -25.40","  54.2","      -39.20","      -11.70"," "
"T4","2023","M001","C003B","14","      -40.10","  26.5","      -50.70","      -29.50"," "
"T4","2023","M001","C003C","14","      -51.30","  31.5","      -67.50","      -35.10"," "
"T4","2023","M001","C003D","14","      -54.40","  31.0","      -71.20","      -37.50"," "
"T4","2023","M001","C003E","14","      -22.00","  49.2","      -32.80","      -11.10"," "
"T4","2023","M001","C003F","14","      -38.90","  15.3","      -44.90","      -33.00"," "
"T4","2023","M001","C003A","Net","      807.90","   5.4","      764.00","      851.70"," "
"T4","2023","M001","C003B","Net","    1529.60","   4.2","    1465.40","    1593.80"," "
"T4","2023","M001","C003C","Net","    1861.80","   5.7","    1756.60","    1967.00"," "
"T4","2023","M001","C003D","Net","    2245.90","   5.6","    2119.90","    2371.80"," "
"T4","2023","M001","C003E","Net","    2273.00","   8.3","    2084.90","    2461.10"," "
"T4","2023","M001","C003F","Net","    1597.50","   2.6","    1556.00","    1639.00"," "
"T4","2023","M001","C004A","01","      280.10","   4.1","      268.70","      291.60"," "
"T4","2023","M001","C004B","01","      375.60","   7.4","      347.70","      403.40"," "
"T4","2023","M001","C004C","01","      405.10","   7.8","      373.40","      436.70"," "
"T4","2023","M001","C004D","01","      429.00","  17.8","      352.80","      505.30"," "
"T4","2023","M001","C004E","01","      459.30","   7.6","      424.30","      494.30"," "
"T4","2023","M001","C004F","01","      196.50","  11.9","      173.20","      219.80"," "
"T4","2023","M001","C004G","01","      297.70","  11.8","      262.70","      332.80"," "
"T4","2023","M001","C004H","01","      430.00","  11.9","      378.80","      481.10"," "
"T4","2023","M001","C004I","01","      132.40","   7.0","      123.20","      141.60"," "
"T4","2023","M001","C004J","01","      409.90","  11.3","      363.60","      456.30"," "
"T4","2023","M001","C004K","01","      299.50","   2.9","      290.70","      308.30"," "
"T4","2023","M001","C004A","02","       40.30","  14.0","       34.70","       46.00"," "
"T4","2023","M001","C004B","02","       32.30","  19.8","       25.90","       38.70"," "
"T4","2023","M001","C004C","02","       28.40","  24.1","       21.50","       35.20"," "
"T4","2023","M001","C004D","02","       23.00","  47.0","       12.20","       33.90"," "
"T4","2023","M001","C004E","02","       34.80","  28.2","       25.00","       44.60"," "
"T4","2023","M001","C004F","02","       13.40","  54.6","        6.10","       20.70"," "
"T4","2023","M001","C004G","02","       23.20","  31.9","       15.80","       30.60"," "
"T4","2023","M001","C004H","02","       43.70","  27.3","       31.80","       55.70"," "
"T4","2023","M001","C004I","02","       17.70","  19.5","       14.20","       21.10"," "
"T4","2023","M001","C004J","02","       47.40","  23.2","       36.40","       58.40"," "
"T4","2023","M001","C004K","02","       31.20","   7.3","       28.90","       33.50"," "
"T4","2023","M001","C004A","03","       36.10","  19.9","       28.90","       43.30"," "
"T4","2023","M001","C004B","03","       60.30","  22.6","       46.70","       74.00"," "
"T4","2023","M001","C004C","03","       58.40","  27.2","       42.50","       74.20"," "
"T4","2023","M001","C004D","03","      107.90","  46.8","       57.40","      158.40"," "
"T4","2023","M001","C004E","03","       71.20","  23.5","       54.50","       88.00"," "
"T4","2023","M001","C004F","03","       23.60","  36.5","       15.00","       32.20"," "
"T4","2023","M001","C004G","03","       26.80","  47.8","       14.00","       39.70"," "
"T4","2023","M001","C004H","03","       63.10","  31.3","       43.40","       82.90"," "
"T4","2023","M001","C004I","03","       14.30","  34.6","        9.40","       19.30"," "
"T4","2023","M001","C004J","03","       59.80","  40.4","       35.70","       83.90"," "
"T4","2023","M001","C004K","03","       42.70","   9.7","       38.60","       46.80"," "
"T4","2023","M001","C004A","04","      367.70","  10.4","      329.60","      405.80"," "
"T4","2023","M001","C004B","04","      444.90","   9.3","      403.70","      486.10"," "
"T4","2023","M001","C004C","04","      539.90","  14.5","      461.80","      617.90"," "
"T4","2023","M001","C004D","04","      547.50","  23.3","      420.10","      674.80"," "
"T4","2023","M001","C004E","04","      452.90","  11.7","      399.70","      506.10"," "
"T4","2023","M001","C004F","04","      442.00","  11.2","      392.40","      491.50"," "
"T4","2023","M001","C004G","04","      360.50","  16.7","      300.40","      420.70"," "
"T4","2023","M001","C004H","04","      514.40","  13.3","      446.10","      582.70"," "
"T4","2023","M001","C004I","04","      263.40","   7.5","      243.80","      283.00"," "
"T4","2023","M001","C004J","04","      499.80","   7.9","      460.40","      539.10"," "
"T4","2023","M001","C004K","04","      398.00","   4.3","      380.80","      415.20"," "
"T4","2023","M001","C004A","05","       72.80","  14.4","       62.40","       83.30"," "
"T4","2023","M001","C004B","05","       62.60","  18.5","       51.00","       74.30"," "
"T4","2023","M001","C004C","05","       71.80","  21.9","       56.10","       87.50"," "
"T4","2023","M001","C004D","05","       66.90","  42.7","       38.30","       95.40"," "
"T4","2023","M001","C004E","05","       74.20","  18.5","       60.50","       88.00"," "
"T4","2023","M001","C004F","05","       41.10","  30.9","       28.40","       53.80"," "
"T4","2023","M001","C004G","05","       37.10","  22.8","       28.70","       45.60"," "
"T4","2023","M001","C004H","05","       54.50","  21.1","       43.00","       66.10"," "
"T4","2023","M001","C004I","05","       34.10","  16.1","       28.60","       39.60"," "
"T4","2023","M001","C004J","05","       50.80","  25.3","       37.90","       63.70"," "
"T4","2023","M001","C004K","05","       57.10","   7.4","       52.90","       61.40"," "
"T4","2023","M001","C004A","06","       62.20","  16.8","       51.80","       72.60"," "
"T4","2023","M001","C004B","06","       60.40","  21.4","       47.40","       73.30"," "
"T4","2023","M001","C004C","06","       46.40","  24.4","       35.10","       57.70"," "
"T4","2023","M001","C004D","06","       52.90","  38.3","       32.60","       73.10"," "
"T4","2023","M001","C004E","06","       79.20","  29.6","       55.80","      102.70"," "
"T4","2023","M001","C004F","06","       24.70","  66.2","        8.40","       41.10"," "
"T4","2023","M001","C004G","06","       42.80","  36.0","       27.40","       58.20"," "
"T4","2023","M001","C004H","06","       50.50","  28.3","       36.20","       64.70"," "
"T4","2023","M001","C004I","06","       26.60","  24.3","       20.10","       33.00"," "
"T4","2023","M001","C004J","06","       52.80","  74.0","       13.80","       91.90"," "
"T4","2023","M001","C004K","06","       49.70","  10.4","       44.50","       54.80"," "
"T4","2023","M001","C004A","07","      277.50","  14.6","      237.10","      317.90"," "
"T4","2023","M001","C004B","07","      348.60","  15.3","      295.30","      402.00"," "
"T4","2023","M001","C004C","07","      348.70","  21.1","      275.00","      422.30"," "
"T4","2023","M001","C004D","07","      285.70","  46.2","      153.80","      417.60"," "
"T4","2023","M001","C004E","07","      384.50","  20.6","      305.40","      463.60"," "
"T4","2023","M001","C004F","07","      124.00","  25.0","       93.00","      155.10"," "
"T4","2023","M001","C004G","07","      138.90","  16.6","      115.80","      162.00"," "
"T4","2023","M001","C004H","07","      325.40","  20.5","      258.60","      392.30"," "
"T4","2023","M001","C004I","07","      107.90","  12.7","       94.20","      121.70"," "
"T4","2023","M001","C004J","07","      312.10","  17.9","      256.20","      368.10"," "
"T4","2023","M001","C004K","07","      251.60","   6.4","      235.50","      267.80"," "
"T4","2023","M001","C004A","08","       39.20","   6.1","       36.80","       41.60"," "
"T4","2023","M001","C004B","08","       44.80","  10.4","       40.20","       49.50"," "
"T4","2023","M001","C004C","08","       42.70","  10.5","       38.30","       47.20"," "
"T4","2023","M001","C004D","08","       40.30","  14.2","       34.50","       46.00"," "
"T4","2023","M001","C004E","08","       50.50","   9.1","       45.90","       55.10"," "
"T4","2023","M001","C004F","08","       29.70","  13.8","       25.60","       33.80"," "
"T4","2023","M001","C004G","08","       36.90","  16.7","       30.80","       43.10"," "
"T4","2023","M001","C004H","08","       61.10","  16.8","       50.80","       71.30"," "
"T4","2023","M001","C004I","08","       26.20","   7.0","       24.30","       28.00"," "
"T4","2023","M001","C004J","08","       43.80","  13.9","       37.70","       49.80"," "
"T4","2023","M001","C004K","08","       39.20","   3.5","       37.80","       40.50"," "
"T4","2023","M001","C004A","09","      162.30","  14.9","      138.00","      186.50"," "
"T4","2023","M001","C004B","09","      172.00","  18.1","      140.80","      203.20"," "
"T4","2023","M001","C004C","09","      196.10","  16.4","      163.90","      228.20"," "
"T4","2023","M001","C004D","09","      180.70","  36.9","      114.00","      247.30"," "
"T4","2023","M001","C004E","09","      182.40","  17.7","      150.10","      214.80"," "
"T4","2023","M001","C004F","09","       61.10","  25.6","       45.50","       76.80"," "
"T4","2023","M001","C004G","09","       71.60","  20.0","       57.20","       85.90"," "
"T4","2023","M001","C004H","09","      156.10","  19.3","      126.00","      186.10"," "
"T4","2023","M001","C004I","09","       61.90","  15.9","       52.00","       71.70"," "
"T4","2023","M001","C004J","09","      119.80","  17.1","       99.40","      140.30"," "
"T4","2023","M001","C004K","09","      133.00","   6.0","      125.00","      141.00"," "
"T4","2023","M001","C004A","10","        6.30","  51.2","        3.10","        9.50"," "
"T4","2023","M001","C004B","10","       49.40","  38.8","       30.20","       68.60"," "
"T4","2023","M001","C004C","10","       40.70","  29.3","       28.70","       52.60"," "
"T4","2023","M001","C004D","10","       57.00","  55.8","       25.20","       88.90"," "
"T4","2023","M001","C004E","10","       38.20","  44.7","       21.10","       55.30"," "
"T4","2023","M001","C004F","10","       12.20","  43.8","        6.90","       17.60"," "
"T4","2023","M001","C004G","10","       17.60","  94.5","        1.00","       34.30"," "
"T4","2023","M001","C004H","10","       39.50","  59.9","       15.90","       63.10"," "
"T4","2023","M001","C004I","10","        1.50"," 104.9","       -0.10","        3.00"," "
"T4","2023","M001","C004J","10","       24.10","  78.2","        5.30","       42.90"," "
"T4","2023","M001","C004K","10","       19.90","  17.7","       16.40","       23.40"," "
"T4","2023","M001","C004A","11","      163.60","   6.1","      153.60","      173.60"," "
"T4","2023","M001","C004B","11","      155.00","  10.7","      138.50","      171.50"," "
"T4","2023","M001","C004C","11","      176.50","   9.1","      160.50","      192.50"," "
"T4","2023","M001","C004D","11","      214.80","  37.1","      135.20","      294.50"," "
"T4","2023","M001","C004E","11","      207.80","  12.1","      182.60","      232.90"," "
"T4","2023","M001","C004F","11","       65.60","  20.3","       52.30","       78.90"," "
"T4","2023","M001","C004G","11","      100.90","  17.6","       83.10","      118.60"," "
"T4","2023","M001","C004H","11","      152.30","  15.1","      129.20","      175.30"," "
"T4","2023","M001","C004I","11","       72.70","   7.9","       66.90","       78.40"," "
"T4","2023","M001","C004J","11","      137.70","  21.1","      108.60","      166.70"," "
"T4","2023","M001","C004K","11","      138.80","   4.2","      133.00","      144.70"," "
"T4","2023","M001","C004A","13","      149.40","  10.5","      133.80","      165.00"," "
"T4","2023","M001","C004B","13","      334.10","  18.5","      272.20","      395.90"," "
"T4","2023","M001","C004C","13","      309.80","  14.1","      266.20","      353.50"," "
"T4","2023","M001","C004D","13","      315.10","  43.6","      177.70","      452.50"," "
"T4","2023","M001","C004E","13","      231.70","  14.0","      199.20","      264.10"," "
"T4","2023","M001","C004F","13","      105.10","  35.2","       68.10","      142.10"," "
"T4","2023","M001","C004G","13","       93.40","  25.7","       69.40","      117.40"," "
"T4","2023","M001","C004H","13","      236.20","  19.5","      190.20","      282.20"," "
"T4","2023","M001","C004I","13","       74.80","  20.6","       59.40","       90.20"," "
"T4","2023","M001","C004J","13","      185.30","  19.1","      149.90","      220.60"," "
"T4","2023","M001","C004K","13","      175.70","   5.3","      166.40","      185.00"," "
"T4","2023","M001","C004A","14","      -46.20","  28.2","      -59.20","      -33.20"," "
"T4","2023","M001","C004B","14","      -48.20","  40.2","      -67.50","      -28.80"," "
"T4","2023","M001","C004C","14","      -56.30","  37.7","      -77.50","      -35.00"," "
"T4","2023","M001","C004D","14","      -37.80","  75.1","      -66.30","       -9.40"," "
"T4","2023","M001","C004E","14","      -61.00","  46.0","      -89.00","      -32.90"," "
"T4","2023","M001","C004F","14","      -24.30"," 114.2","      -52.10","        3.50"," "
"T4","2023","M001","C004G","14","      -16.70","  61.2","      -26.90","       -6.50"," "
"T4","2023","M001","C004H","14","      -34.80","  50.9","      -52.50","      -17.10"," "
"T4","2023","M001","C004I","14","      -25.40","  54.2","      -39.20","      -11.70"," "
"T4","2023","M001","C004J","14","      -25.20","  52.5","      -38.50","      -12.00"," "
"T4","2023","M001","C004K","14","      -38.90","  15.3","      -44.90","      -33.00"," "
"T4","2023","M001","C004A","Net","    1611.30","   4.8","    1533.50","    1689.10"," "
"T4","2023","M001","C004B","Net","    2091.90","   7.0","    1946.40","    2237.30"," "
"T4","2023","M001","C004C","Net","    2208.20","   7.5","    2043.30","    2373.00"," "
"T4","2023","M001","C004D","Net","    2282.90","  17.8","    1877.30","    2688.50"," "
"T4","2023","M001","C004E","Net","    2205.80","   7.2","    2046.10","    2365.40"," "
"T4","2023","M001","C004F","Net","    1114.80","   9.7","    1006.10","    1223.50"," "
"T4","2023","M001","C004G","Net","    1230.80","   9.1","    1118.90","    1342.70"," "
"T4","2023","M001","C004H","Net","    2092.00","   9.7","    1890.00","    2293.90"," "
"T4","2023","M001","C004I","Net","      807.90","   5.4","      764.00","      851.70"," "
"T4","2023","M001","C004J","Net","    1918.00","   8.4","    1757.10","    2078.90"," "
"T4","2023","M001","C004K","Net","    1597.50","   2.6","    1556.00","    1639.00"," "
"T4","2023","M001","C005A","01","      299.50","   3.6","      288.80","      310.10"," "
"T4","2023","M001","C005B","01","      284.20","   5.5","      268.60","      299.70"," "
"T4","2023","M001","C005C","01","      343.30","   9.6","      310.30","      376.20"," "
"T4","2023","M001","C005D","01","      299.50","   2.9","      290.70","      308.30"," "
"T4","2023","M001","C005A","02","       31.10","  10.2","       27.90","       34.30"," "
"T4","2023","M001","C005B","02","       28.00","   9.7","       25.30","       30.70"," "
"T4","2023","M001","C005C","02","       40.80","  25.1","       30.60","       51.00"," "
"T4","2023","M001","C005D","02","       31.20","   7.3","       28.90","       33.50"," "
"T4","2023","M001","C005A","03","       40.70","  11.3","       36.20","       45.30"," "
"T4","2023","M001","C005B","03","       37.30","  18.6","       30.40","       44.30"," "
"T4","2023","M001","C005C","03","       65.50","  28.8","       46.60","       84.40"," "
"T4","2023","M001","C005D","03","       42.70","   9.7","       38.60","       46.80"," "
"T4","2023","M001","C005A","04","      364.10","   7.4","      337.30","      390.90"," "
"T4","2023","M001","C005B","04","      481.80","   4.5","      459.90","      503.60"," "
"T4","2023","M001","C005C","04","      313.20","  14.3","      268.50","      358.00"," "
"T4","2023","M001","C005D","04","      398.00","   4.3","      380.80","      415.20"," "
"T4","2023","M001","C005A","05","       70.40","   9.3","       63.90","       76.90"," "
"T4","2023","M001","C005B","05","       31.30","  11.0","       27.90","       34.70"," "
"T4","2023","M001","C005C","05","       72.00","  20.3","       57.40","       86.70"," "
"T4","2023","M001","C005D","05","       57.10","   7.4","       52.90","       61.40"," "
"T4","2023","M001","C005A","06","       57.90","  14.4","       49.60","       66.20"," "
"T4","2023","M001","C005B","06","       28.80","  17.2","       23.90","       33.80"," "
"T4","2023","M001","C005C","06","       72.80","  20.7","       57.70","       87.90"," "
"T4","2023","M001","C005D","06","       49.70","  10.4","       44.50","       54.80"," "
"T4","2023","M001","C005A","07","      255.80","   8.9","      232.90","      278.70"," "
"T4","2023","M001","C005B","07","      207.30","   9.6","      187.30","      227.20"," "
"T4","2023","M001","C005C","07","      361.80","  19.9","      290.00","      433.70"," "
"T4","2023","M001","C005D","07","      251.60","   6.4","      235.50","      267.80"," "
"T4","2023","M001","C005A","08","       40.00","   3.8","       38.50","       41.50"," "
"T4","2023","M001","C005B","08","       38.50","   7.0","       35.80","       41.20"," "
"T4","2023","M001","C005C","08","       37.40","   8.2","       34.30","       40.50"," "
"T4","2023","M001","C005D","08","       39.20","   3.5","       37.80","       40.50"," "
"T4","2023","M001","C005A","09","      148.10","   8.2","      135.90","      160.30"," "
"T4","2023","M001","C005B","09","       87.20","  10.0","       78.40","       95.90"," "
"T4","2023","M001","C005C","09","      197.20","  17.0","      163.70","      230.70"," "
"T4","2023","M001","C005D","09","      133.00","   6.0","      125.00","      141.00"," "
"T4","2023","M001","C005A","10","       19.30","  20.8","       15.30","       23.30"," "
"T4","2023","M001","C005B","10","       19.50","  31.4","       13.40","       25.70"," "
"T4","2023","M001","C005C","10","       23.70","  46.4","       12.70","       34.70"," "
"T4","2023","M001","C005D","10","       19.90","  17.7","       16.40","       23.40"," "
"T4","2023","M001","C005A","11","      158.30","   4.9","      150.50","      166.00"," "
"T4","2023","M001","C005B","11","       82.10","   9.5","       74.30","       90.00"," "
"T4","2023","M001","C005C","11","      214.80","  11.7","      189.60","      240.00"," "
"T4","2023","M001","C005D","11","      138.80","   4.2","      133.00","      144.70"," "
"T4","2023","M001","C005A","13","      241.10","   6.1","      226.40","      255.90"," "
"T4","2023","M001","C005B","13","       77.10","  16.0","       64.70","       89.40"," "
"T4","2023","M001","C005C","13","      166.60","  29.6","      117.30","      215.90"," "
"T4","2023","M001","C005D","13","      175.70","   5.3","      166.40","      185.00"," "
"T4","2023","M001","C005A","14","      -46.00","  20.5","      -55.40","      -36.50"," "
"T4","2023","M001","C005B","14","      -18.10","  28.1","      -23.20","      -13.00"," "
"T4","2023","M001","C005C","14","      -66.60","  33.6","      -89.00","      -44.30"," "
"T4","2023","M001","C005D","14","      -38.90","  15.3","      -44.90","      -33.00"," "
"T4","2023","M001","C005A","Net","    1680.30","   4.0","    1613.50","    1747.10"," "
"T4","2023","M001","C005B","Net","    1384.90","   4.7","    1320.00","    1449.80"," "
"T4","2023","M001","C005C","Net","    1842.70","   9.9","    1660.80","    2024.60"," "
"T4","2023","M001","C005D","Net","    1597.50","   2.6","    1556.00","    1639.00"," "
